name,category_label,phone,email,website,address,suburb,postcode,postcode_source,osm_tag,consent_status
Brien's Taxation Services,Accounting / Bookkeeping,+61 3 9419 0194,,,,,3121,bbox_estimate,office=accountant,not_contacted
Bull & Associates,Accounting / Bookkeeping,,,,,,3121,bbox_estimate,office=accountant,not_contacted
Chaundy & Henry Chartered Accountants,Accounting / Bookkeeping,,,,32 Church Street,,3121,bbox_estimate,office=accountant,not_contacted
Cloud8,Accounting / Bookkeeping,,,,,,3121,bbox_estimate,office=accountant,not_contacted
Cranage Partners,Accounting / Bookkeeping,,,,31 Station Street,,3121,bbox_estimate,office=accountant,not_contacted
Financial Accounting Solutions,Accounting / Bookkeeping,,,,1527 High Street,,3121,bbox_estimate,office=accountant,not_contacted
Greenberg & Co.,Accounting / Bookkeeping,,,https://www.greenberg.com.au/,1250 Malvern Road,,3121,bbox_estimate,office=accountant,not_contacted
H&R Block Accountants,Accounting / Bookkeeping,,,,,,3121,bbox_estimate,office=accountant,not_contacted
J D Madgwick Chartered Accountant,Accounting / Bookkeeping,,,,94 Moray Street,,3121,bbox_estimate,office=accountant,not_contacted
Michael Gleeson & Associates,Accounting / Bookkeeping,+61 3 9326 8108,,,452 Victoria Street,,3121,bbox_estimate,office=accountant,not_contacted
Moran Accountants,Accounting / Bookkeeping,,,https://www.moranaccountants.com.au/,650 Nicholson Street,,3121,bbox_estimate,office=accountant,not_contacted
Norton & Christodoulou,Accounting / Bookkeeping,+61 3 9416 1525,,,18 Stanley Street,,3121,bbox_estimate,office=accountant,not_contacted
Rose Corporate,Accounting / Bookkeeping,,,https://www.rosecorporate.com.au/,,,3121,bbox_estimate,office=accountant,not_contacted
Spathis,Accounting / Bookkeeping,,,,185 Victoria Avenue,,3121,bbox_estimate,office=accountant,not_contacted
Tax Matters & Business Affairs,Accounting / Bookkeeping,+61 3 9416 1679,info@taxmatters.net.au,http://www.taxmatters.net.au/,127 Smith Street,,3121,bbox_estimate,office=accountant,not_contacted
Tucker Vincent Chartered Accountants,Accounting / Bookkeeping,,,https://www.tuckervincent.com.au/,1463 Malvern Road,,3121,bbox_estimate,office=accountant,not_contacted
YG Accountants & Tax Agents,Accounting / Bookkeeping,,,,,,3121,bbox_estimate,office=accountant,not_contacted
Zanacorp Accounting Group,Accounting / Bookkeeping,,,,,,3121,bbox_estimate,office=accountant,not_contacted
oneledger,Accounting / Bookkeeping,,,,,,3121,bbox_estimate,office=accountant,not_contacted
18 Pence Lane,Cafe,,,,,,3121,bbox_estimate,amenity=cafe,not_contacted
181 Domain,Cafe,+61 3 9820 1922,,,181 Domain Road,,3121,bbox_estimate,amenity=cafe,not_contacted
1864 Café,Cafe,,,,,,3121,bbox_estimate,amenity=cafe,not_contacted
30 Block Place,Cafe,,,,,,3121,bbox_estimate,amenity=cafe,not_contacted
3146 Bagels,Cafe,,,,1437-1439 Malvern Road,,3121,bbox_estimate,amenity=cafe,not_contacted
365,Cafe,,,,,,3121,bbox_estimate,amenity=cafe,not_contacted
7 Grams,Cafe,,,,,,3121,bbox_estimate,amenity=cafe,not_contacted
8 Layers,Cafe,,,,472 Victoria Street,,3121,bbox_estimate,amenity=cafe,not_contacted
95 Espresso Bar,Cafe,,,,95 Acland Street,,3121,bbox_estimate,amenity=cafe,not_contacted
@ Cafe 45,Cafe,+61 401 185 881,,https://cafe45william.com/,45 William Street,,3121,bbox_estimate,amenity=cafe,not_contacted
@Rice,Cafe,+61 3 9866 3886,,,391 St Kilda Road,,3121,bbox_estimate,amenity=cafe,not_contacted
A Kiss Xpresso,Cafe,,,,,,3121,bbox_estimate,amenity=cafe,not_contacted
A Thousand Blessings,Cafe,,,,251 Highett Street,Richmond,3121,osm_tag,amenity=cafe,not_contacted
A treat of France,Cafe,,,,37 Flemington Road,,3121,bbox_estimate,amenity=cafe,not_contacted
ACCA coffee cart,Cafe,,,,,,3121,bbox_estimate,amenity=cafe,not_contacted
ACOFFEE,Cafe,+61 3 9042 8746,,https://acoffee.com.au/,30 Sackville Street,,3121,bbox_estimate,amenity=cafe,not_contacted
ACspresSO Cafe,Cafe,,,https://www.acso.org.au/acspresso/,2 Regent Street,Richmond,3121,osm_tag,amenity=cafe,not_contacted
AXIL COFFEE ROASTERS,Cafe,,,,,,3121,bbox_estimate,amenity=cafe,not_contacted
Ada Grace,Cafe,+61 3 8682 9115,,,6 Union Street,,3121,bbox_estimate,amenity=cafe,not_contacted
Aga the French patisserie,Cafe,,,,,,3121,bbox_estimate,amenity=cafe,not_contacted
Airflow Coffee Co,Cafe,,,,243 Franklin Street,,3121,bbox_estimate,amenity=cafe,not_contacted
Al Naturale,Cafe,,,,Acland Street,,3121,bbox_estimate,amenity=cafe,not_contacted
Albert Gourmet Deli,Cafe,,,,28 Albert Road,,3121,bbox_estimate,amenity=cafe,not_contacted
Albert Park Deli,Cafe,,,,,,3121,bbox_estimate,amenity=cafe,not_contacted
Alimentari,Cafe,,,,251 Brunswick Street,,3121,bbox_estimate,amenity=cafe,not_contacted
All Day Tre,Cafe,,,,623 Rathdowne Street,,3121,bbox_estimate,amenity=cafe,not_contacted
All Good,Cafe,,,,,,3121,bbox_estimate,amenity=cafe,not_contacted
Almost French Patisserie,Cafe,,,,,,3121,bbox_estimate,amenity=cafe,not_contacted
Altius Coffee Brewers,Cafe,,,,,,3121,bbox_estimate,amenity=cafe,not_contacted
Amiri,Cafe,,,,,,3121,bbox_estimate,amenity=cafe,not_contacted
Ample Cafe,Cafe,+61 3 9329 6622,,https://www.amplecafe.com.au,31 Arden Street,,3121,bbox_estimate,amenity=cafe,not_contacted
Amsterdam Street Cafe,Cafe,,,,,,3121,bbox_estimate,amenity=cafe,not_contacted
Anda,Cafe,,,https://www.andacafe.com.au/,215 Spring Street,Melbourne,3121,bbox_estimate,amenity=cafe,not_contacted
Arcadia,Cafe,+61 3 9416 1055,,,193 Gertrude Street,,3121,bbox_estimate,amenity=cafe,not_contacted
Argos Loves Company,Cafe,+61 3 9417 7290,,http://www.argoslovescompany.com.au,149 Brunswick Street,,3121,bbox_estimate,amenity=cafe,not_contacted
Ari Espresso,Cafe,,,,114 William Street,,3121,bbox_estimate,amenity=cafe,not_contacted
Ari Espresso,Cafe,,,,,,3121,bbox_estimate,amenity=cafe,not_contacted
Aroma Cafe,Cafe,,,,,,3121,bbox_estimate,amenity=cafe,not_contacted
Artee Cafe,Cafe,+61 3 9663 6263,,,62 Lygon Street,,3121,bbox_estimate,amenity=cafe,not_contacted
Arthur Street Deli,Cafe,+61 3 9481 3026,,https://www.facebook.com/arthurstdeli/,455 Heidelberg Road,,3121,bbox_estimate,amenity=cafe,not_contacted
Aruba,Cafe,,,,,,3121,bbox_estimate,amenity=cafe,not_contacted
Aruba Espresso,Cafe,,,,,,3121,bbox_estimate,amenity=cafe,not_contacted
Attakai,Cafe,,,https://attakai.com.au,260 Collins Street,,3121,bbox_estimate,amenity=cafe,not_contacted
Au79,Cafe,,,,,,3121,bbox_estimate,amenity=cafe,not_contacted
Au79,Cafe,,,,,,3121,bbox_estimate,amenity=cafe,not_contacted
Auction Rooms,Cafe,+61 3 9326 7749,,https://www.auctionroomscafe.com.au/,103-107 Errol Street,,3121,bbox_estimate,amenity=cafe,not_contacted
Auntie Mai's,Cafe,+61 3 9417 2616,,,92 Gertrude Street,,3121,bbox_estimate,amenity=cafe,not_contacted
Axil,Cafe,,,,,,3121,bbox_estimate,amenity=cafe,not_contacted
Axil Coffee,Cafe,,,,,,3121,bbox_estimate,amenity=cafe,not_contacted
Axil Coffee Roasters,Cafe,,,,,,3121,bbox_estimate,amenity=cafe,not_contacted
Axil Coffee Roasters,Cafe,+61 3 9819 2645,,https://axilcoffee.com.au/,Cnr Royal Parade & Tin Alley,,3121,bbox_estimate,amenity=cafe,not_contacted
B&B'guette Cafe,Cafe,,,https://www.bbaguette.com.au/,482 Bourke Street,Melbourne,3121,bbox_estimate,amenity=cafe,not_contacted
BENCH COFFEE CO. St Kilda Rd,Cafe,,,https://benchcoffee.co/,580 St Kilda Road,,3121,bbox_estimate,amenity=cafe,not_contacted
BITO,Cafe,,,,,,3121,bbox_estimate,amenity=cafe,not_contacted
BITO Beans Bourke,Cafe,,,,,,3121,bbox_estimate,amenity=cafe,not_contacted
Baci,Cafe,,,https://www.crownmelbourne.com.au/cafe-baci,,,3121,bbox_estimate,amenity=cafe,not_contacted
Back Pocket Cafe,Cafe,,,,535 Little Lonsdale Street,,3121,bbox_estimate,amenity=cafe,not_contacted
Baguette,Cafe,,,,,,3121,bbox_estimate,amenity=cafe,not_contacted
Bailey Espresso,Cafe,,,,,,3121,bbox_estimate,amenity=cafe,not_contacted
Bakery Café,Cafe,,,,1618 High Street,,3121,bbox_estimate,amenity=cafe,not_contacted
Bakes & Bagels,Cafe,,,https://www.facebook.com/bakesandbagels,3 Railway Place,,3121,bbox_estimate,amenity=cafe,not_contacted
Banff Café,Cafe,,,www.banffstkilda.com.au,,,3121,bbox_estimate,amenity=cafe,not_contacted
Barbarella,Cafe,,,,,,3121,bbox_estimate,amenity=cafe,not_contacted
Barry,Cafe,+61 3 9481 7623,,https://www.barrycoffeeandfood.com/,85 High Street,,3121,bbox_estimate,amenity=cafe,not_contacted
Basement Espresso,Cafe,,,https://www.facebook.com/Basement-Espresso-157250984347892/,,,3121,bbox_estimate,amenity=cafe,not_contacted
Batch Espresso,Cafe,+61 3 9530 3550,,,320 Carlisle Street,,3121,bbox_estimate,amenity=cafe,not_contacted
Batchy Coffee,Cafe,,,,,,3121,bbox_estimate,amenity=cafe,not_contacted
Be The Duck,Cafe,,,,131 Burnley Street,Richmond,3121,osm_tag,amenity=cafe,not_contacted
Beachcomber,Cafe,,,https://www.beachcombercafe.com.au/,,,3121,bbox_estimate,amenity=cafe,not_contacted
Bean Around Bakery-Café,Cafe,+61 3 8456 2296,,https://www.beanaroundbakerycafe.com.au/,350 Queens Parade,,3121,bbox_estimate,amenity=cafe,not_contacted
Bean Seen There,Cafe,+61 3 9690 1692,,,194 Wells Street,,3121,bbox_estimate,amenity=cafe,not_contacted
Bean Stalker,Cafe,,,,,,3121,bbox_estimate,amenity=cafe,not_contacted
Bean Thief,Cafe,+61 3 9859 8448,accounts@beanthief.com.au,https://www.thebeanthief.com.au/,773 High Street,,3121,bbox_estimate,amenity=cafe,not_contacted
Beans Republique,Cafe,,,https://beansrepublique.com.au/,1461 Malvern Road,,3121,bbox_estimate,amenity=cafe,not_contacted
Bearded Brothers Coffee,Cafe,,beardedbrothersespresso@gmail.com,https://beardedbrothersespresso.com/,342 Little Collins,,3121,bbox_estimate,amenity=cafe,not_contacted
Beauty and the Beats,Cafe,+61 499 986 986,,,32 Bendigo Street,Richmond,3121,osm_tag,amenity=cafe,not_contacted
Beeter Swit,Cafe,,,,,,3121,bbox_estimate,amenity=cafe,not_contacted
Bellboy,Cafe,,,,71 Victoria Street,,3121,bbox_estimate,amenity=cafe,not_contacted
Beluga,Cafe,,,,,,3121,bbox_estimate,amenity=cafe,not_contacted
Bench Coffee Co.,Cafe,,,,,,3121,bbox_estimate,amenity=cafe,not_contacted
Bendigo Street Milk Bar,Cafe,+61 3 9428 4196,,,37 Bendigo Street,Richmond,3121,osm_tag,amenity=cafe,not_contacted
Bentwood,Cafe,+61 3 9419 1614,,https://www.bentwoodfitzroy.com.au,,,3121,bbox_estimate,amenity=cafe,not_contacted
Betwixt Cafe & Bar,Cafe,,,,,,3121,bbox_estimate,amenity=cafe,not_contacted
Black Cat,Cafe,+61 3 9419 6230,,https://www.blackcatfitzroy.com/,252 Brunswick Street,,3121,bbox_estimate,amenity=cafe,not_contacted
Black Gold,Cafe,,,,,,3121,bbox_estimate,amenity=cafe,not_contacted
Black Velvet Coffee,Cafe,,,,,,3121,bbox_estimate,amenity=cafe,not_contacted
Blahnik,Cafe,,,,,,3121,bbox_estimate,amenity=cafe,not_contacted
Blaq,Cafe,+61 3 9600 4282,,,365 La Trobe Street,,3121,bbox_estimate,amenity=cafe,not_contacted
Blood Orange Cafe,Cafe,,,https://bloodorange.net.au/,,,3121,bbox_estimate,amenity=cafe,not_contacted
Bloomwood,Cafe,,,,,,3121,bbox_estimate,amenity=cafe,not_contacted
Bluebird Espresso,Cafe,+61 3 9078 7047,,https://www.bluebirdespresso.com/,134 Johnston Street,,3121,bbox_estimate,amenity=cafe,not_contacted
Bluestones Cafe,Cafe,,,,,,3121,bbox_estimate,amenity=cafe,not_contacted
Bobby Stop Stealing Our Camping Chairs,Cafe,+61 415 657 094,info@bybobby.com.au,https://bybobby.com.au/,99 Spencer Street,,3121,bbox_estimate,amenity=cafe,not_contacted
Bobby's Coffee & Bagels,Cafe,,,https://www.bobbyscoffee.com.au/,53-57 Lonsdale Street,Melbourne,3121,bbox_estimate,amenity=cafe,not_contacted
Bohème,Cafe,+61 3 9429 5000,,,,,3121,bbox_estimate,amenity=cafe,not_contacted
Books n Bites Cafe,Cafe,,,,222 Pelham Street,,3121,bbox_estimate,amenity=cafe,not_contacted
Boost,Cafe,,,,,,3121,bbox_estimate,amenity=cafe,not_contacted
Boost Juice,Cafe,,,,,,3121,bbox_estimate,amenity=cafe,not_contacted
Boost Juice,Cafe,,,,,,3121,bbox_estimate,amenity=cafe,not_contacted
Boost Juice,Cafe,,,,,,3121,bbox_estimate,amenity=cafe,not_contacted
Boost Juice,Cafe,,,,,,3121,bbox_estimate,amenity=cafe,not_contacted
Boy,Cafe,,,,,,3121,bbox_estimate,amenity=cafe,not_contacted
Breadcetera,Cafe,,,,,,3121,bbox_estimate,amenity=cafe,not_contacted
Brick Lane,Cafe,,,,,,3121,bbox_estimate,amenity=cafe,not_contacted
Brief,Cafe,,,https://www.facebook.com/BriefMelbourne/,,,3121,bbox_estimate,amenity=cafe,not_contacted
Brightside,Cafe,,,,,,3121,bbox_estimate,amenity=cafe,not_contacted
Briquettes Cafe,Cafe,,,,6 Harp Rd,,3121,bbox_estimate,amenity=cafe,not_contacted
Broad Bean,Cafe,,,https://www.facebook.com/broadbeanorganicgrocer,26 Fanning Street,,3121,bbox_estimate,amenity=cafe,not_contacted
Brothers & Co,Cafe,,,,,,3121,bbox_estimate,amenity=cafe,not_contacted
Brown Sugar,Cafe,,,,,,3121,bbox_estimate,amenity=cafe,not_contacted
Brunches n Lunches,Cafe,+61 3 9419 3139,,,119 Johnston Street,,3121,bbox_estimate,amenity=cafe,not_contacted
Brunetti,Cafe,,,,,,3121,bbox_estimate,amenity=cafe,not_contacted
Brunos,Cafe,,,,720 Bourke Street,,3121,bbox_estimate,amenity=cafe,not_contacted
Bubble Cup,Cafe,,,,,,3121,bbox_estimate,amenity=cafe,not_contacted
Bulldozer Cafe,Cafe,,,,121 Moray Street,,3121,bbox_estimate,amenity=cafe,not_contacted
Bullrun,Cafe,+61 3 9650 6966,,,,,3121,bbox_estimate,amenity=cafe,not_contacted
Burhan's Espresso Bar,Cafe,+61 417 587 539,,,,,3121,bbox_estimate,amenity=cafe,not_contacted
Burnside,Cafe,+61 3 9416 1431,,,87a Smith Street,,3121,bbox_estimate,amenity=cafe,not_contacted
Burnt Butter,Cafe,,,http://www.burntbutter.com.au/,316 Clarendon Street,,3121,bbox_estimate,amenity=cafe,not_contacted
CM & Co,Cafe,,,,,,3121,bbox_estimate,amenity=cafe,not_contacted
Cafe 117,Cafe,,,,117 Swan Street,Richmond,3121,osm_tag,amenity=cafe,not_contacted
Cafe 410 at World of Style,Cafe,,,,410 City Road,,3121,bbox_estimate,amenity=cafe,not_contacted
Cafe 555,Cafe,,,,,,3121,bbox_estimate,amenity=cafe,not_contacted
Cafe 727,Cafe,,,,,,3121,bbox_estimate,amenity=cafe,not_contacted
Cafe Alfretti,Cafe,,,,,,3121,bbox_estimate,amenity=cafe,not_contacted
Cafe Andiamo,Cafe,,,,,,3121,bbox_estimate,amenity=cafe,not_contacted
Cafe Azu,Cafe,,,https://cafeazu.com.au/,16 Equitable Place,Melbourne,3121,bbox_estimate,amenity=cafe,not_contacted
Cafe Bambino,Cafe,,,,,,3121,bbox_estimate,amenity=cafe,not_contacted
Cafe Box,Cafe,,,,,,3121,bbox_estimate,amenity=cafe,not_contacted
Cafe Decjuba,Cafe,,,,134 Cubitt Street,,3121,bbox_estimate,amenity=cafe,not_contacted
Cafe Ecco,Cafe,+61 3 9663 8800,,https://cafeecco.com.au/,6-8 Nicholson Street,,3121,bbox_estimate,amenity=cafe,not_contacted
Cafe Gaia,Cafe,,,,,,3121,bbox_estimate,amenity=cafe,not_contacted
Cafe Gomez,Cafe,,,,,,3121,bbox_estimate,amenity=cafe,not_contacted
Cafe Kinetic,Cafe,,,,,,3121,bbox_estimate,amenity=cafe,not_contacted
Cafe Krema,Cafe,,,,,,3121,bbox_estimate,amenity=cafe,not_contacted
Cafe Lansdowne,Cafe,+61 3 9663 4771,,https://www.cafelansdowne.com.au/,,,3121,bbox_estimate,amenity=cafe,not_contacted
Cafe Luna,Cafe,,,,,,3121,bbox_estimate,amenity=cafe,not_contacted
Cafe Paradiso,Cafe,,,,,,3121,bbox_estimate,amenity=cafe,not_contacted
Cafe Piccolina,Cafe,,,,,,3121,bbox_estimate,amenity=cafe,not_contacted
Cafe Scene,Cafe,,,,88 Albert Road,,3121,bbox_estimate,amenity=cafe,not_contacted
Cafe Sua Da,Cafe,,,,,,3121,bbox_estimate,amenity=cafe,not_contacted
Cafe Venziano,Cafe,,,,16 River Street,,3121,osm_tag,amenity=cafe,not_contacted
Cafe Victoria,Cafe,+61 3 9329 6891,,,517 Elizabeth Street,,3121,bbox_estimate,amenity=cafe,not_contacted
Cafe del Corso,Cafe,,,,,,3121,bbox_estimate,amenity=cafe,not_contacted
Cafenatics,Cafe,+61 3 9682 6759,,https://www.cafenatics.com.au/locations/shop-13-freshwater-place,Freshwater Place,,3121,bbox_estimate,amenity=cafe,not_contacted
Cafenatics,Cafe,,,https://www.cafenatics.com.au/,195 Little Collins Street,Melbourne,3121,bbox_estimate,amenity=cafe,not_contacted
Cafenatics,Cafe,,,,,,3121,bbox_estimate,amenity=cafe,not_contacted
Cafenetics,Cafe,+61 3 9670 4442,,https://www.cafenatics.com.au/locations/990-la-trobe,990 La Trobe Street,,3121,bbox_estimate,amenity=cafe,not_contacted
Caffe Chiera,Cafe,,,,,,3121,bbox_estimate,amenity=cafe,not_contacted
Caffe E Torta,Cafe,,,,314 Little Collins Street,,3121,bbox_estimate,amenity=cafe,not_contacted
Caffettino,Cafe,+61 3 9416 2228,,,43 Gertrude Street,,3121,bbox_estimate,amenity=cafe,not_contacted
Caffé ESC,Cafe,,,,,,3121,bbox_estimate,amenity=cafe,not_contacted
Café Cavallino,Cafe,,,,717 Bourke Street,,3121,bbox_estimate,amenity=cafe,not_contacted
Café Cova,Cafe,,,,153 Dorcas Street,,3121,bbox_estimate,amenity=cafe,not_contacted
Café Excello,Cafe,,,,,,3121,bbox_estimate,amenity=cafe,not_contacted
Café Godot,Cafe,+61 413 779 968,info@godot.com.au,http://www.godot.com.au/,152 Sturt Street,,3121,bbox_estimate,amenity=cafe,not_contacted
Café Luca,Cafe,,,,,,3121,bbox_estimate,amenity=cafe,not_contacted
Café Orr,Cafe,,,,,,3121,bbox_estimate,amenity=cafe,not_contacted
Café Perri,Cafe,+61 3 9329 2599,,,599 Elizabeth Street,,3121,bbox_estimate,amenity=cafe,not_contacted
Café Vue,Cafe,,,,,,3121,bbox_estimate,amenity=cafe,not_contacted
Cambridge Cafe,Cafe,+61 3 9417 6866,,,45 Derby Street,,3121,bbox_estimate,amenity=cafe,not_contacted
Campos,Cafe,+61 3 9347 7445,,https://camposcoffee.com/,144 Elgin Street,,3121,bbox_estimate,amenity=cafe,not_contacted
Campus Canteen,Cafe,,,https://www.unimelb.edu.au/campustour/campus-information/food-and-retail-on-campus/parkville-campus/campus-canteen,201 Grattan Street,,3121,bbox_estimate,amenity=cafe,not_contacted
Cannoli & Co,Cafe,+61 432 157 334,,,132 Burke Road,,3121,bbox_estimate,amenity=cafe,not_contacted
Canteen,Cafe,,,https://www.facebook.com/CanteenCafeSthMelb/,,,3121,bbox_estimate,amenity=cafe,not_contacted
Carte Crêpes,Cafe,+61 449 824 809,Bohe.cartecrepes@gmail.com,http://www.cartecrepes.com.au,Professors Walk,,3121,bbox_estimate,amenity=cafe,not_contacted
Castro's Kiosk,Cafe,+61 3 9347 1355,,https://www.unimelb.edu.au/campustour/campus-information/food-and-retail-on-campus/parkville-campus/castros-kiosk,18 Spencer Road,,3121,bbox_estimate,amenity=cafe,not_contacted
Cathedral Coffee,Cafe,,,,37 Swanston Street,,3121,bbox_estimate,amenity=cafe,not_contacted
Cavallini,Cafe,+61 3 9486 3883,,https://www.cavallini.com.au/,354 Queens Parade,,3121,bbox_estimate,amenity=cafe,not_contacted
Cha Cha,Cafe,,,,,,3121,bbox_estimate,amenity=cafe,not_contacted
Chaf's Cafe,Cafe,+61 3 9629 2296,,,669-671 Bourke Street,,3121,bbox_estimate,amenity=cafe,not_contacted
Chapelli's,Cafe,,,,,,3121,bbox_estimate,amenity=cafe,not_contacted
Chapter House Coffee,Cafe,,,,209 Flinders Lane,,3121,bbox_estimate,amenity=cafe,not_contacted
Charlie's Tea,Cafe,,,,246 Lonsdale Street,,3121,bbox_estimate,amenity=cafe,not_contacted
Charlie's Tea,Cafe,,,,469 Elizabeth Street,Melbourne,3121,bbox_estimate,amenity=cafe,not_contacted
Chatime,Cafe,,,,,,3121,bbox_estimate,amenity=cafe,not_contacted
Chatime,Cafe,,,,,,3121,bbox_estimate,amenity=cafe,not_contacted
Chatime,Cafe,,,,,,3121,bbox_estimate,amenity=cafe,not_contacted
Chatime,Cafe,,,,,,3121,bbox_estimate,amenity=cafe,not_contacted
Chatime,Cafe,,,,,,3121,bbox_estimate,amenity=cafe,not_contacted
Chatime,Cafe,,,,,,3121,bbox_estimate,amenity=cafe,not_contacted
Cheeky Monkey,Cafe,,,,,,3121,bbox_estimate,amenity=cafe,not_contacted
Cherry & Twigs Cafe,Cafe,+61 3 9614 7096,,https://cherryandtwigs.com.au/,555 Flinders Lane,,3121,bbox_estimate,amenity=cafe,not_contacted
Chintaroma,Cafe,+61 3 9602 1925,,,555 Lonsdale Street,,3121,bbox_estimate,amenity=cafe,not_contacted
Chè Vietnamese Desserts,Cafe,,,,,,3121,bbox_estimate,amenity=cafe,not_contacted
Ciel,Cafe,,,,,,3121,bbox_estimate,amenity=cafe,not_contacted
Cinque 5,Cafe,,,,,,3121,bbox_estimate,amenity=cafe,not_contacted
City Saints,Cafe,,hello@citysaints.com.au,https://www.citysaints.com.au/,2 Mansard Lane,,3121,bbox_estimate,amenity=cafe,not_contacted
Class Ramen,Cafe,,,,,,3121,bbox_estimate,amenity=cafe,not_contacted
Cleaver & Quill Cafe,Cafe,,,,,,3121,bbox_estimate,amenity=cafe,not_contacted
Cliftons Cafe,Cafe,+61 3 9481 6343,,,310 Queens Parade,,3121,bbox_estimate,amenity=cafe,not_contacted
Clover & Rye,Cafe,,,,408-410 Bridge Road,,3121,bbox_estimate,amenity=cafe,not_contacted
Clubhouse,Cafe,,,https://clubhousemalvern.com.au/,1290-1292 Malvern Road,,3121,bbox_estimate,amenity=cafe,not_contacted
CoCo Fresh Tea & Juice,Cafe,,,,,,3121,bbox_estimate,amenity=cafe,not_contacted
Coal River Farm,Cafe,,,,,,3121,bbox_estimate,amenity=cafe,not_contacted
Cocoa,Cafe,,,,,,3121,bbox_estimate,amenity=cafe,not_contacted
Code Black Coffee,Cafe,,,,,,3121,bbox_estimate,amenity=cafe,not_contacted
Code Black Coffee,Cafe,,,https://codeblackcoffee.com.au/,321 Coventry Street,,3121,bbox_estimate,amenity=cafe,not_contacted
Coe & Coe,Cafe,+61 3 9429 5913,,https://www.coeandcoe.com.au/,25 Stephenson Street,Cremorne,3121,osm_tag,amenity=cafe,not_contacted
Coffee + Office,Cafe,,,,,,3121,bbox_estimate,amenity=cafe,not_contacted
Coffee Exchange,Cafe,,,,,,3121,bbox_estimate,amenity=cafe,not_contacted
Coffee HQ,Cafe,,,http://coffeehq.com.au,,,3121,bbox_estimate,amenity=cafe,not_contacted
Coffee Minded,Cafe,,,,,,3121,bbox_estimate,amenity=cafe,not_contacted
Coffee Rush,Cafe,,,,,,3121,bbox_estimate,amenity=cafe,not_contacted
Coffee Supreme,Cafe,,,,,,3121,bbox_estimate,amenity=cafe,not_contacted
Coin Laundry Cafe,Cafe,,,,61 Armadale Street,,3121,bbox_estimate,amenity=cafe,not_contacted
Collective Espresso,Cafe,,,,3 Cookson Street,,3121,bbox_estimate,amenity=cafe,not_contacted
ComeBuyTea,Cafe,,,,,,3121,bbox_estimate,amenity=cafe,not_contacted
Common Place Coffee Brewers,Cafe,,,,,,3121,bbox_estimate,amenity=cafe,not_contacted
Costeñisima,Cafe,,,,,,3121,bbox_estimate,amenity=cafe,not_contacted
Cotti Coffee,Cafe,,,,,,3121,bbox_estimate,amenity=cafe,not_contacted
Cottle on Coventry,Cafe,,,,,,3121,bbox_estimate,amenity=cafe,not_contacted
Courtyard,Cafe,,,,,,3121,bbox_estimate,amenity=cafe,not_contacted
Courtyard 55,Cafe,,,,,,3121,bbox_estimate,amenity=cafe,not_contacted
Cowderoy's Dairy,Cafe,,,,14 Cowderoy Street,,3121,bbox_estimate,amenity=cafe,not_contacted
Crema Cafe,Cafe,,,,,,3121,bbox_estimate,amenity=cafe,not_contacted
Crop,Cafe,,,https://cropkitchen.au/,658 Church Street,,3121,bbox_estimate,amenity=cafe,not_contacted
Croque Monsieur,Cafe,+61 3 9639 7909,,,,,3121,bbox_estimate,amenity=cafe,not_contacted
Cuff,Cafe,,,,325 Flinders Lane,Melbourne,3121,bbox_estimate,amenity=cafe,not_contacted
Dame,Cafe,,,,,,3121,bbox_estimate,amenity=cafe,not_contacted
Dari,Cafe,,,,,,3121,bbox_estimate,amenity=cafe,not_contacted
Dear Liza,Cafe,+61 3 9534 5492,,https://www.dearliza.com.au/,,,3121,bbox_estimate,amenity=cafe,not_contacted
Degani,Cafe,+61 3 9606 0655,,https://www.degani.com.au/,Batmans Hill Drive,,3121,bbox_estimate,amenity=cafe,not_contacted
Degani,Cafe,,,https://degani.com.au/locations/world-trade-centre/,,,3121,bbox_estimate,amenity=cafe,not_contacted
Degani Bakery Cafe,Cafe,,,https://www.degani.com.au/,710 Collins Street,Docklands,3121,bbox_estimate,amenity=cafe,not_contacted
Degraves Espresso Bar,Cafe,,,,23 Degraves Street,,3121,bbox_estimate,amenity=cafe,not_contacted
Degraves Street,Cafe,,,,,,3121,bbox_estimate,amenity=cafe,not_contacted
Demochi,Cafe,,,,,,3121,bbox_estimate,amenity=cafe,not_contacted
Dench Cafe,Cafe,,,https://www.instagram.com/denchcafe/,109 Scotchmer Street,,3121,bbox_estimate,amenity=cafe,not_contacted
Di Bella Coffee,Cafe,,,,,,3121,bbox_estimate,amenity=cafe,not_contacted
Di Parsia Pasticceria Caffe,Cafe,,,,,,3121,bbox_estimate,amenity=cafe,not_contacted
Dilly Daly,Cafe,+61 3 7015 8272,,https://dillydaly.com.au/,6c Daly Street,,3121,bbox_estimate,amenity=cafe,not_contacted
Dineamic Food Store,Cafe,,,,,,3121,bbox_estimate,amenity=cafe,not_contacted
Ding Tea,Cafe,,,,,,3121,bbox_estimate,amenity=cafe,not_contacted
Diors Cafe & Bar,Cafe,,,,,,3121,bbox_estimate,amenity=cafe,not_contacted
District 35,Cafe,+61 3 9454 1800,,https://district35.com.au,815 Nicholson Street,,3121,bbox_estimate,amenity=cafe,not_contacted
Dock Dot,Cafe,,,,,,3121,bbox_estimate,amenity=cafe,not_contacted
Dog House,Cafe,+61 3 9417 4253,,https://doghouseaustralia.com.au/,195 Johnston Street,,3121,bbox_estimate,amenity=cafe,not_contacted
Doh,Cafe,,,,,,3121,bbox_estimate,amenity=cafe,not_contacted
Doughboys,Cafe,,,,,,3121,bbox_estimate,amenity=cafe,not_contacted
Dr Jekyll,Cafe,,,,,,3121,bbox_estimate,amenity=cafe,not_contacted
Dr. Brunch,Cafe,,,,,,3121,bbox_estimate,amenity=cafe,not_contacted
Dr. Morse,Cafe,+61 3 9416 1005,,https://www.drmorse.com.au/,274 Johnston Street,,3121,bbox_estimate,amenity=cafe,not_contacted
Dropout Chaiwala,Cafe,,,,,,3121,bbox_estimate,amenity=cafe,not_contacted
Druids Cafe,Cafe,,,,,,3121,bbox_estimate,amenity=cafe,not_contacted
Dukes Coffee Roasters,Cafe,,,https://www.dukescoffee.com.au/,Flinders Lane,,3121,bbox_estimate,amenity=cafe,not_contacted
Dundas & Faussett,Cafe,,,,,,3121,bbox_estimate,amenity=cafe,not_contacted
Dymocks Cafe,Cafe,,,,,,3121,bbox_estimate,amenity=cafe,not_contacted
EARL Canteen,Cafe,,,,,,3121,bbox_estimate,amenity=cafe,not_contacted
East Side Story,Cafe,+61 3 9650 0633,,,,,3121,bbox_estimate,amenity=cafe,not_contacted
Eatworx,Cafe,+61 3 9690 8166,,,,,3121,bbox_estimate,amenity=cafe,not_contacted
El Churro Cafe,Cafe,,,,,,3121,bbox_estimate,amenity=cafe,not_contacted
Emerald Hill Cafe,Cafe,,,,189 Bank Street,,3121,bbox_estimate,amenity=cafe,not_contacted
Endis Café,Cafe,+61 3 9041 4300,,,69 Victoria Street,,3121,bbox_estimate,amenity=cafe,not_contacted
Espresso Bar,Cafe,+61 421 488 804,,,815 Swanston Street,,3121,bbox_estimate,amenity=cafe,not_contacted
Espresso Bar International,Cafe,,,,,,3121,bbox_estimate,amenity=cafe,not_contacted
Espresso Hub,Cafe,,,http://www.espressohub.com.au,655 Collins Street,,3121,bbox_estimate,amenity=cafe,not_contacted
Espresso Riviera,Cafe,,,,,,3121,bbox_estimate,amenity=cafe,not_contacted
Euro Lane Cafe,Cafe,,,,16-18 Centre Place,Melbourne,3121,bbox_estimate,amenity=cafe,not_contacted
Europa Cake Shop,Cafe,,,,,,3121,bbox_estimate,amenity=cafe,not_contacted
Euros Bites Creperia,Cafe,,,,,,3121,bbox_estimate,amenity=cafe,not_contacted
Everyday Coffee,Cafe,+61 3 9973 4159,,https://everyday-coffee.com/,36-38 Sackville Street,,3121,bbox_estimate,amenity=cafe,not_contacted
Extra Shot,Cafe,,,https://extrashotcafe.com.au/,,,3121,bbox_estimate,amenity=cafe,not_contacted
Fabian,Cafe,,,,262 Lonsdale Street,,3121,bbox_estimate,amenity=cafe,not_contacted
Fairfield Boathouse,Cafe,,,https://www.fairfieldboathouse.com/,Fairfield Park Drive,Fairfield,3121,bbox_estimate,amenity=cafe,not_contacted
Famish'd,Cafe,+61 3 9614 4905,,http://famishd.com.au,,,3121,bbox_estimate,amenity=cafe,not_contacted
Fat Beans,Cafe,,,,,,3121,bbox_estimate,amenity=cafe,not_contacted
Federal Coffee Kiosk,Cafe,,,,,,3121,bbox_estimate,amenity=cafe,not_contacted
Federal Coffee Palace,Cafe,,,https://www.federalcoffee.com.au/,,,3121,bbox_estimate,amenity=cafe,not_contacted
Fifty Acres,Cafe,,,,,,3121,bbox_estimate,amenity=cafe,not_contacted
Finch Coffee,Cafe,,,,,,3121,bbox_estimate,amenity=cafe,not_contacted
Fine Grind,Cafe,,,,,,3121,bbox_estimate,amenity=cafe,not_contacted
Fiord,Cafe,,,,11 Gallaghers Place,Melbourne,3121,bbox_estimate,amenity=cafe,not_contacted
First Love Coffee,Cafe,,,,,,3121,bbox_estimate,amenity=cafe,not_contacted
Five Points Cafe,Cafe,,,,540 Little Collins Street,,3121,bbox_estimate,amenity=cafe,not_contacted
Florian,Cafe,,,,617 Rathdowne Street,,3121,bbox_estimate,amenity=cafe,not_contacted
Foundry Lane,Cafe,,,,,,3121,bbox_estimate,amenity=cafe,not_contacted
Four Beans,Cafe,+61 3 9482 2875,,http://fourbeanscafe.com/,22 High Street,,3121,bbox_estimate,amenity=cafe,not_contacted
Four7Six,Cafe,,,,476 Bay Street,,3121,bbox_estimate,amenity=cafe,not_contacted
Fourth Chapter,Cafe,+61 3 9510 2277,,https://www.fourthchapter.com.au/,385 High Street,,3121,bbox_estimate,amenity=cafe,not_contacted
Foxtrot Café,Cafe,+61 3 9686 6331,info@foxtrotcafe.com.au,http://foxtrotcafe.com.au/,204 Gladstone Street,,3121,bbox_estimate,amenity=cafe,not_contacted
Frankies,Cafe,,,,,,3121,bbox_estimate,amenity=cafe,not_contacted
Frankies,Cafe,,,,,,3121,bbox_estimate,amenity=cafe,not_contacted
Fresh Sushi,Cafe,,,,,,3121,bbox_estimate,amenity=cafe,not_contacted
Fuumi Fuumi,Cafe,,,,113 Rosslyn Street,,3121,bbox_estimate,amenity=cafe,not_contacted
Gabriel - Fitzroy,Cafe,+61 3 9416 4661,info@declieu.net.au,https://www.gabrielfitzroy.com.au/,187 Gertrude Street,,3121,bbox_estimate,amenity=cafe,not_contacted
Galleon Café,Cafe,,,,,,3121,bbox_estimate,amenity=cafe,not_contacted
Galleria,Cafe,,,,,,3121,bbox_estimate,amenity=cafe,not_contacted
Garden View Cafe,Cafe,+61 3 9417 2404,,https://www.facebook.com/Garden-View-Cafe-368849209891514/,44 Nicholson Street,,3121,bbox_estimate,amenity=cafe,not_contacted
Gasworks Cafe,Cafe,,,https://gasworkscafe.com.au/,21 Graham Street,,3121,bbox_estimate,amenity=cafe,not_contacted
Georgie Boy Expresso,Cafe,+61 412 475 117,hello@georgieboyespresso.com.au,https://georgieboyespresso.com.au/,181 Bridge Road,,3121,osm_tag,amenity=cafe,not_contacted
Georgie's on Cambridge,Cafe,,,,,,3121,bbox_estimate,amenity=cafe,not_contacted
Giddiup Cafe,Cafe,+61 3 9682 8820,,https://www.facebook.com/giddiupcafe,269 Coventry Street,,3121,bbox_estimate,amenity=cafe,not_contacted
Gilli,Cafe,,,,,,3121,bbox_estimate,amenity=cafe,not_contacted
Gillott Espresso,Cafe,,,,201 Spring Street,Melbourne,3121,bbox_estimate,amenity=cafe,not_contacted
Glassworks Café,Cafe,+61 3 9417 3503,,,,,3121,bbox_estimate,amenity=cafe,not_contacted
Global Kitchen Cafe,Cafe,,,,,,3121,bbox_estimate,amenity=cafe,not_contacted
Gloria Jean's,Cafe,+61 451 950 166,,https://www.gloriajeanscoffees.com.au/,BSB01 Bourke Street Footbridge,,3121,bbox_estimate,amenity=cafe,not_contacted
Glory Us,Cafe,,info@gloryus.com.au,https://www.gloryus.com.au/,73 Reid Street,,3121,bbox_estimate,amenity=cafe,not_contacted
Gocha Cafe,Cafe,,,,,,3121,bbox_estimate,amenity=cafe,not_contacted
Goldfields Café + Bar,Cafe,,,,,,3121,bbox_estimate,amenity=cafe,not_contacted
Gong Cha,Cafe,,,,,,3121,bbox_estimate,amenity=cafe,not_contacted
Gong Cha,Cafe,,,,,,3121,bbox_estimate,amenity=cafe,not_contacted
Gong Cha,Cafe,,,https://gongchatea.com.au/,15 Monash Road,,3121,bbox_estimate,amenity=cafe,not_contacted
Gong Cha,Cafe,,,https://gongchatea.com.au,,,3121,bbox_estimate,amenity=cafe,not_contacted
Gong Cha,Cafe,,,,,,3121,bbox_estimate,amenity=cafe,not_contacted
Gong Cha,Cafe,,,,,,3121,bbox_estimate,amenity=cafe,not_contacted
Gong Cha,Cafe,,,,,,3121,bbox_estimate,amenity=cafe,not_contacted
Good Bean,Cafe,,,,,,3121,bbox_estimate,amenity=cafe,not_contacted
Good Bean,Cafe,,,https://www.goodbean.com.au/,,,3121,bbox_estimate,amenity=cafe,not_contacted
Good Times,Cafe,,,,,,3121,bbox_estimate,amenity=cafe,not_contacted
Good for the Gander,Cafe,,,,406 Bridge Road,Richmond,3121,osm_tag,amenity=cafe,not_contacted
Gordon’s,Cafe,,,,,,3121,bbox_estimate,amenity=cafe,not_contacted
Gotcha,Cafe,,,,,,3121,bbox_estimate,amenity=cafe,not_contacted
Grain 717,Cafe,,,,717 Bourke Street,,3121,bbox_estimate,amenity=cafe,not_contacted
Green Cup,Cafe,,,,233 Faraday Street,,3121,bbox_estimate,amenity=cafe,not_contacted
Grisley Bear Cafe,Cafe,,,,Risley Street,Richmond,3121,bbox_estimate,amenity=cafe,not_contacted
Grocery Bar,Cafe,,,,,,3121,bbox_estimate,amenity=cafe,not_contacted
Grocerybar,Cafe,,,,,,3121,bbox_estimate,amenity=cafe,not_contacted
Ground Cafe,Cafe,+61 3 9690 1111,,https://www.facebook.com/groundcafesouthmelbourne,71-73 Palmerston Crescent,,3121,bbox_estimate,amenity=cafe,not_contacted
Guilty Moose,Cafe,,,,143 Victoria Avenue,,3121,bbox_estimate,amenity=cafe,not_contacted
Gypsey & Musquito,Cafe,,,http://gypseyandmusquito.com.au,382 Bridge Road,Richmond,3121,osm_tag,amenity=cafe,not_contacted
Haddon's Cafe,Cafe,,,,,,3121,bbox_estimate,amenity=cafe,not_contacted
Halcyon Days,Cafe,,,,381 Montague Street,,3121,bbox_estimate,amenity=cafe,not_contacted
Hana,Cafe,,,,435 Little Bourke Street,Melbourne,3121,bbox_estimate,amenity=cafe,not_contacted
Hannah,Cafe,,,,141 Chapel Street,,3121,bbox_estimate,amenity=cafe,not_contacted
Hap,Cafe,,,,693 Rathdowne Street,,3121,bbox_estimate,amenity=cafe,not_contacted
Happy Corner Cafe,Cafe,,,,161 Moray Street,,3121,bbox_estimate,amenity=cafe,not_contacted
Hapsburg Empire,Cafe,,,,123 Bridport Street,,3121,bbox_estimate,amenity=cafe,not_contacted
Harijuku Crepes,Cafe,,,,,,3121,bbox_estimate,amenity=cafe,not_contacted
Hash Cafe,Cafe,,,,Hardware Street,,3121,bbox_estimate,amenity=cafe,not_contacted
Hash Specialty Coffee,Cafe,,,,564 Burke Road,,3121,bbox_estimate,amenity=cafe,not_contacted
Health Studio and Backyard Cafe,Cafe,,,,,,3121,bbox_estimate,amenity=cafe,not_contacted
Healthy Vibe Gourmet Dumplings,Cafe,,,,,,3121,bbox_estimate,amenity=cafe,not_contacted
Hector's Bakery,Cafe,,,,,,3121,bbox_estimate,amenity=cafe,not_contacted
Hectors Corner,Cafe,,,,23 Armstrong Street,,3121,bbox_estimate,amenity=cafe,not_contacted
Hectors Deli,Cafe,,,,111 Moor Street,,3121,bbox_estimate,amenity=cafe,not_contacted
Heebi,Cafe,,,,,,3121,bbox_estimate,amenity=cafe,not_contacted
Henry & the Fox,Cafe,,,,,,3121,bbox_estimate,amenity=cafe,not_contacted
Hideaway Melbourne,Cafe,,,,133-135 Victoria Street,,3121,bbox_estimate,amenity=cafe,not_contacted
Ho Ho's Canteen,Cafe,,,https://www.unimelb.edu.au/campustour/campus-information/food-and-retail-on-campus/parkville-campus/hohos-canteen,13 Royal Parade,,3121,bbox_estimate,amenity=cafe,not_contacted
Hooks at the Yarra,Cafe,,,,Main Yarra Trail,,3121,bbox_estimate,amenity=cafe,not_contacted
House of Cards,Cafe,,,http://www.houseofcardsespresso.com/,8 Porters Lane,,3121,bbox_estimate,amenity=cafe,not_contacted
Hudson Coffee,Cafe,,,https://www.hudsonscoffee.com.au,211 La Trobe Street,,3121,bbox_estimate,amenity=cafe,not_contacted
Hugo's Express,Cafe,,,,,,3121,bbox_estimate,amenity=cafe,not_contacted
Humbaba,Cafe,,,,,,3121,bbox_estimate,amenity=cafe,not_contacted
Husband,Cafe,+61 434 534 771,mail@husbandsouthyarra.com.au,http://husbandsouthyarra.com.au,377 Malvern Road,,3121,bbox_estimate,amenity=cafe,not_contacted
Ichigo,Cafe,,,,,,3121,bbox_estimate,amenity=cafe,not_contacted
In A Rush,Cafe,+61 412 340 782,,,,,3121,bbox_estimate,amenity=cafe,not_contacted
In A Rush,Cafe,,,,,,3121,bbox_estimate,amenity=cafe,not_contacted
In A Rush,Cafe,,,,,,3121,bbox_estimate,amenity=cafe,not_contacted
In The Cup,Cafe,,,,,,3121,bbox_estimate,amenity=cafe,not_contacted
In a Rush,Cafe,,,,,,3121,bbox_estimate,amenity=cafe,not_contacted
Industry Beans,Cafe,,,https://industrybeans.com/pages/little-collins-cafe,345 Little Collins Street,Melbourne,3121,bbox_estimate,amenity=cafe,not_contacted
Ink & Co,Cafe,,,,,,3121,bbox_estimate,amenity=cafe,not_contacted
Inkr7,Cafe,,,,7 Inkerman Road,,3121,bbox_estimate,amenity=cafe,not_contacted
Ionsky's Bakehouse Cafe,Cafe,,,,,,3121,bbox_estimate,amenity=cafe,not_contacted
Irwell's,Cafe,,,,,,3121,bbox_estimate,amenity=cafe,not_contacted
JT's VICE Coffee Bar,Cafe,,,,,,3121,bbox_estimate,amenity=cafe,not_contacted
Jack The Geezer,Cafe,,,,99 Canterbury Road,,3121,bbox_estimate,amenity=cafe,not_contacted
Jaggers,Cafe,,,,,,3121,bbox_estimate,amenity=cafe,not_contacted
Jamaica Blue,Cafe,+61 3 9428 2322,,https://jamaicablue.com.au/,,,3121,bbox_estimate,amenity=cafe,not_contacted
Jane&Co Cafe,Cafe,,,,616 Glenferrie Road,,3121,bbox_estimate,amenity=cafe,not_contacted
Jardin Tan,Cafe,+61 3 9691 3878,,https://www.jardintan.com.au/,Birdwood Avenue,,3121,bbox_estimate,amenity=cafe,not_contacted
Journeyman,Cafe,,,,,,3121,bbox_estimate,amenity=cafe,not_contacted
Juddy Roller,Cafe,,,https://www.facebook.com/JuddyRoller,,,3121,bbox_estimate,amenity=cafe,not_contacted
KAB,Cafe,,,,,,3121,bbox_estimate,amenity=cafe,not_contacted
Kanteen,Cafe,,,,,,3121,bbox_estimate,amenity=cafe,not_contacted
Karomi Cafe,Cafe,,,,,,3121,bbox_estimate,amenity=cafe,not_contacted
Kaèfei,Cafe,+61 3 9600 1588,,,,,3121,bbox_estimate,amenity=cafe,not_contacted
Kebab & Gözleme Cafe,Cafe,,,,,,3121,bbox_estimate,amenity=cafe,not_contacted
Keki Milk Bar,Cafe,,,,,,3121,bbox_estimate,amenity=cafe,not_contacted
Kenny's Bakery & Cafe,Cafe,,,http://www.kennysbakerycafe.com.au/,53-57 Lonsdale Street,,3121,bbox_estimate,amenity=cafe,not_contacted
Kenny’s,Cafe,,,http://www.kennysbakerycafe.com.au,Bond Street,,3121,bbox_estimate,amenity=cafe,not_contacted
Kere Kere,Cafe,,,https://www.kerekere.org/,207 City Road,,3121,bbox_estimate,amenity=cafe,not_contacted
KereKere Green,Cafe,,,https://www.kerekere.org/,,,3121,bbox_estimate,amenity=cafe,not_contacted
King & Godfree,Cafe,+61 3 9347 1619,,https://www.kingandgodfree.com.au/,293 Lygon Street,,3121,bbox_estimate,amenity=cafe,not_contacted
Kissaten,Cafe,+61 3 7015 6869,,https://www.kissatenalphington.com.au/,538 Heidelberg Road,,3121,bbox_estimate,amenity=cafe,not_contacted
Kit Espresso,Cafe,,,,,,3121,bbox_estimate,amenity=cafe,not_contacted
Knead Bakers,Cafe,,,,,,3121,bbox_estimate,amenity=cafe,not_contacted
Koffee Kings,Cafe,+61 3 9696 0841,,,222 Kings Way,,3121,bbox_estimate,amenity=cafe,not_contacted
Koko Black Chocolate,Cafe,,,,,,3121,bbox_estimate,amenity=cafe,not_contacted
Kupid Espresso,Cafe,+61 451 173 398,,https://www.kupidespresso.com.au/,68 Edgevale Road,,3121,bbox_estimate,amenity=cafe,not_contacted
Kāya Espresso,Cafe,,,,,,3121,bbox_estimate,amenity=cafe,not_contacted
La Calline,Cafe,,,,,,3121,bbox_estimate,amenity=cafe,not_contacted
La Latteria,Cafe,,,,104 Elgin Street,,3121,bbox_estimate,amenity=cafe,not_contacted
LaManna & Sons,Cafe,,,https://lamannaandsons.com.au/,98 Balmain Street,,3121,bbox_estimate,amenity=cafe,not_contacted
Ladybird Café,Cafe,,,,72 Johnston Street,,3121,bbox_estimate,amenity=cafe,not_contacted
Lafayette,Cafe,,,,,,3121,bbox_estimate,amenity=cafe,not_contacted
Lakeside Cafe,Cafe,,,,,,3121,bbox_estimate,amenity=cafe,not_contacted
Las Chicas,Cafe,,,,205 Carlisle Street,,3121,bbox_estimate,amenity=cafe,not_contacted
Laurent,Cafe,,,,,,3121,bbox_estimate,amenity=cafe,not_contacted
Laurent,Cafe,,,,,,3121,bbox_estimate,amenity=cafe,not_contacted
Laurent Boulangerie Patisserie,Cafe,+61 3 9670 9779,,,,,3121,bbox_estimate,amenity=cafe,not_contacted
Lau’s Café 888,Cafe,,,,535 Flinders Lane,,3121,bbox_estimate,amenity=cafe,not_contacted
Lavender,Cafe,,,,,,3121,bbox_estimate,amenity=cafe,not_contacted
Lawson Grove Shop,Cafe,,,,,,3121,bbox_estimate,amenity=cafe,not_contacted
Le Bajo Milkbar,Cafe,,,https://lebajo.com.au/,8-14 Howard Street,,3121,bbox_estimate,amenity=cafe,not_contacted
Le Bon Cake Shop,Cafe,,,,91 Acland Street,,3121,bbox_estimate,amenity=cafe,not_contacted
Le Cellier,Cafe,,,,,,3121,bbox_estimate,amenity=cafe,not_contacted
Le Gourmet Cakes,Cafe,+61 3 9419 9753,,,271 Brunswick Street,,3121,bbox_estimate,amenity=cafe,not_contacted
Le Petit Chateau,Cafe,,,,,,3121,bbox_estimate,amenity=cafe,not_contacted
Leaf Lane,Cafe,,,,,,3121,bbox_estimate,amenity=cafe,not_contacted
Legals,Cafe,,,,,,3121,bbox_estimate,amenity=cafe,not_contacted
Lemon Tree Cafe,Cafe,,,,,,3121,bbox_estimate,amenity=cafe,not_contacted
Levanter Cafe,Cafe,,,,,,3121,bbox_estimate,amenity=cafe,not_contacted
Liaison,Cafe,,,,,,3121,bbox_estimate,amenity=cafe,not_contacted
Lincoln Bakery Cafe,Cafe,+61 3 9347 5940,,,154 Bouverie Street,,3121,bbox_estimate,amenity=cafe,not_contacted
Little Avenue,Cafe,,,,,,3121,bbox_estimate,amenity=cafe,not_contacted
Little Bang Espresso,Cafe,,,https://www.littlebangespresso.com.au/,8 Exhibition Street,,3121,bbox_estimate,amenity=cafe,not_contacted
Little Bean Dockside,Cafe,,,,,,3121,bbox_estimate,amenity=cafe,not_contacted
Little Bridge Cafe,Cafe,,,facebook.com/littlebridgecafe,34 Bridge Road,,3121,bbox_estimate,amenity=cafe,not_contacted
Little Bridge Cafe,Cafe,,,,34 Bridge Road,Richmond,3121,osm_tag,amenity=cafe,not_contacted
Little Charley Cafe,Cafe,,,,,,3121,bbox_estimate,amenity=cafe,not_contacted
Little Collins,Cafe,,,,,,3121,bbox_estimate,amenity=cafe,not_contacted
Little Ezida,Cafe,,,,,,3121,bbox_estimate,amenity=cafe,not_contacted
Little Molli,Cafe,,,https://www.littlemolli.com.au/,,,3121,bbox_estimate,amenity=cafe,not_contacted
Little Mylk Bar - Tasty Vegan Streetfood,Cafe,+61 431 107 105,,https://littlemylkbar.com.au/,University Plaza,,3121,bbox_estimate,amenity=cafe,not_contacted
Little Sparrow,Cafe,,,,,,3121,bbox_estimate,amenity=cafe,not_contacted
Little Sparrow,Cafe,,,https://littlesparrow.com/,567 Collins Street,,3121,bbox_estimate,amenity=cafe,not_contacted
Lonsdale Brew,Cafe,,,,53-57 Lonsdale Street,,3121,bbox_estimate,amenity=cafe,not_contacted
Lonsdale Street Larder,Cafe,,,,,,3121,bbox_estimate,amenity=cafe,not_contacted
Loosie Grind,Cafe,+61 3 9419 7459,,,,,3121,bbox_estimate,amenity=cafe,not_contacted
Louie,Cafe,,,,,,3121,bbox_estimate,amenity=cafe,not_contacted
Louis Fitzroy,Cafe,,,,,,3121,bbox_estimate,amenity=cafe,not_contacted
Lovey Patisserie,Cafe,,,,,,3121,bbox_estimate,amenity=cafe,not_contacted
Lumberjack,Cafe,,,,484 Bridge Road,Richmond,3121,osm_tag,amenity=cafe,not_contacted
Lune,Cafe,,,,161 Collins Street,,3121,bbox_estimate,amenity=cafe,not_contacted
Machi machi,Cafe,,,,,,3121,bbox_estimate,amenity=cafe,not_contacted
Madame Brussels,Cafe,,,https://madamebrussels.com/,,,3121,bbox_estimate,amenity=cafe,not_contacted
Maker,Cafe,,,,,,3121,bbox_estimate,amenity=cafe,not_contacted
Maker,Cafe,,ltbourke@makercoffee.com.au,https://makercoffee.com.au/,387 Little Bourke Street,,3121,bbox_estimate,amenity=cafe,not_contacted
Maker & Monger,Cafe,,,,,,3121,bbox_estimate,amenity=cafe,not_contacted
Malt Kitchen & Pantry,Cafe,,,https://www.malthousetheatre.com.au/your-visit/malt-kitchen-pantry/,,,3121,bbox_estimate,amenity=cafe,not_contacted
Manchester Press,Cafe,,,,8 Rankins Lane,Melbourne,3121,bbox_estimate,amenity=cafe,not_contacted
Marche Board Game Cafe,Cafe,,,,,,3121,bbox_estimate,amenity=cafe,not_contacted
Market Espresso,Cafe,,,,,,3121,bbox_estimate,amenity=cafe,not_contacted
Market Espresso & Trolley Hire,Cafe,,,,,,3121,bbox_estimate,amenity=cafe,not_contacted
Market Lane Coffee,Cafe,,,https://marketlane.com.au/,305 Coventry Street,,3121,bbox_estimate,amenity=cafe,not_contacted
Market Lane Coffee,Cafe,,,,,,3121,bbox_estimate,amenity=cafe,not_contacted
Market Lane Coffee,Cafe,,,,,,3121,bbox_estimate,amenity=cafe,not_contacted
Mars Miller,Cafe,,,,,,3121,bbox_estimate,amenity=cafe,not_contacted
Martinis,Cafe,,,,,,3121,bbox_estimate,amenity=cafe,not_contacted
Maverick,Cafe,,,https://www.eatdrinkmaverick.com.au/,95 Little Collins Street,Melbourne,3121,bbox_estimate,amenity=cafe,not_contacted
Max Brenner,Cafe,,,,,,3121,bbox_estimate,amenity=cafe,not_contacted
Max's Café,Cafe,+61 3 9413 9009,,,113 Brunswick Street,,3121,bbox_estimate,amenity=cafe,not_contacted
Meals With Impact,Cafe,,,,,,3121,bbox_estimate,amenity=cafe,not_contacted
Meerkat Café,Cafe,,,,,,3121,bbox_estimate,amenity=cafe,not_contacted
Meister,Cafe,,,,,,3121,bbox_estimate,amenity=cafe,not_contacted
Melba Café,Cafe,,,,,,3121,bbox_estimate,amenity=cafe,not_contacted
Melbourne Ferry Terminal,Cafe,,,,,,3121,bbox_estimate,amenity=cafe,not_contacted
Mer Kapah Cafe,Cafe,,,,,,3121,bbox_estimate,amenity=cafe,not_contacted
Metropole Cafe,Cafe,,,https://www.metropolecentral.com.au/Metropole-Cafe,44 Brunswick Street,,3121,bbox_estimate,amenity=cafe,not_contacted
Michel's Patisserie,Cafe,,,https://www.michels.com.au/,,,3121,bbox_estimate,amenity=cafe,not_contacted
Midtown,Cafe,,,,,,3121,bbox_estimate,amenity=cafe,not_contacted
Mile End Bagels,Cafe,+61 3 9419 0780,,https://www.mile-end.com.au/,14-16 Johnston Street,,3121,bbox_estimate,amenity=cafe,not_contacted
Milkbar,Cafe,,,https://www.milkbardocklands.com.au/,,,3121,bbox_estimate,amenity=cafe,not_contacted
Min Lokal,Cafe,+61 3 9417 0333,,,422 George Street,,3121,bbox_estimate,amenity=cafe,not_contacted
Mirror Image,Cafe,,,,,,3121,bbox_estimate,amenity=cafe,not_contacted
Miss Ella Coffee Shop,Cafe,+61 3 9866 1034,,,2 Bowen Crescent,,3121,bbox_estimate,amenity=cafe,not_contacted
Mister Zen,Cafe,,,,,,3121,bbox_estimate,amenity=cafe,not_contacted
Mitte,Cafe,+61 3 9481 7097,,https://mitte.com.au/,76 Michael Street,,3121,bbox_estimate,amenity=cafe,not_contacted
Mixed Business,Cafe,,,,,,3121,bbox_estimate,amenity=cafe,not_contacted
Mixue,Cafe,,,,,,3121,bbox_estimate,amenity=cafe,not_contacted
Mixue,Cafe,,,,,,3121,bbox_estimate,amenity=cafe,not_contacted
Mo-chi,Cafe,,,,36 Little La Trobe Street,,3121,bbox_estimate,amenity=cafe,not_contacted
Moby,Cafe,,,,,,3121,bbox_estimate,amenity=cafe,not_contacted
Mock Turtle,Cafe,,,,,,3121,bbox_estimate,amenity=cafe,not_contacted
Modena,Cafe,,,,,,3121,bbox_estimate,amenity=cafe,not_contacted
Molly Tea,Cafe,,,,,,3121,bbox_estimate,amenity=cafe,not_contacted
Moment Coffee,Cafe,,,,,,3121,bbox_estimate,amenity=cafe,not_contacted
Monarch Cakes,Cafe,,,,103 Acland Street,,3121,bbox_estimate,amenity=cafe,not_contacted
Monk Bodhi Dharma,Cafe,,,,,,3121,bbox_estimate,amenity=cafe,not_contacted
Montague Park Foodstore,Cafe,,,,,,3121,bbox_estimate,amenity=cafe,not_contacted
Mork Chocolate,Cafe,+61 413 806 286,,https://www.morkchocolate.com.au/,20 Equitable Place,,3121,bbox_estimate,amenity=cafe,not_contacted
Mothership,Cafe,,,,,,3121,bbox_estimate,amenity=cafe,not_contacted
Mr & Mrs Andersons,Cafe,,,,,,3121,bbox_estimate,amenity=cafe,not_contacted
Mr Albert Eastern Cafe,Cafe,+61 3 9690 2763,,,196 Albert Road,,3121,bbox_estimate,amenity=cafe,not_contacted
Mr Tulk,Cafe,,,,,,3121,bbox_estimate,amenity=cafe,not_contacted
Mr. Tod,Cafe,,,,,,3121,bbox_estimate,amenity=cafe,not_contacted
Muharam,Cafe,+61 3 9819 0676,,https://facebook.com/MuharamCafe,97 Burwood Road,,3121,bbox_estimate,amenity=cafe,not_contacted
Muleta's Cafe,Cafe,+61 3 9329 9080,,,422 Queen Street,,3121,bbox_estimate,amenity=cafe,not_contacted
Museum Cafe,Cafe,,,,,,3121,bbox_estimate,amenity=cafe,not_contacted
My Cafe & Foodery,Cafe,,,,,,3121,bbox_estimate,amenity=cafe,not_contacted
My Koala Café,Cafe,,,,,,3121,bbox_estimate,amenity=cafe,not_contacted
My Stubbon Cousin,Cafe,,,,21 - 31 Goodwood Street,,3121,bbox_estimate,amenity=cafe,not_contacted
My Sushi,Cafe,+61 3 9419 0095,,,,,3121,bbox_estimate,amenity=cafe,not_contacted
Mörk Chocolate,Cafe,+61 3 7015 6091,,https://morkchocolate.com.au,,,3121,bbox_estimate,amenity=cafe,not_contacted
NUTTEA,Cafe,,,,,,3121,bbox_estimate,amenity=cafe,not_contacted
Namoo Japanese Cafe,Cafe,,,,,,3121,bbox_estimate,amenity=cafe,not_contacted
Nana's Green Tea,Cafe,,,,168 Bourke Street,,3121,bbox_estimate,amenity=cafe,not_contacted
Ned's,Cafe,,,https://nedsbake.com.au/pages/contact,,,3121,bbox_estimate,amenity=cafe,not_contacted
Neon Tiger,Cafe,,,https://www.neontiger.com.au/,1252 Malvern Road,,3121,bbox_estimate,amenity=cafe,not_contacted
Newtown Social Club,Cafe,,,,180 Brunswick Street,,3121,bbox_estimate,amenity=cafe,not_contacted
Nguyen's Hot Bread,Cafe,,,,128 Chapel Street,,3121,bbox_estimate,amenity=cafe,not_contacted
Nick's Food Corner,Cafe,+61 3 9417 3260,,,,,3121,bbox_estimate,amenity=cafe,not_contacted
Nico's Sandwich Deli,Cafe,,,,,,3121,bbox_estimate,amenity=cafe,not_contacted
Nijuusan,Cafe,,,,,,3121,bbox_estimate,amenity=cafe,not_contacted
No. 84,Cafe,,,,84 Bridport Street,,3121,bbox_estimate,amenity=cafe,not_contacted
North,Cafe,,,,717 Rathdowne Street,,3121,bbox_estimate,amenity=cafe,not_contacted
Nourish Salads,Cafe,,,,,,3121,bbox_estimate,amenity=cafe,not_contacted
Number 1 crispy Pork,Cafe,,,,476 Bridge Road,Richmond,3121,osm_tag,amenity=cafe,not_contacted
OPPEN,Cafe,,,,2 Maddock Street,,3121,bbox_estimate,amenity=cafe,not_contacted
Okey Dokey Dessert,Cafe,,,,236 Little Bourke Street,,3121,bbox_estimate,amenity=cafe,not_contacted
Oko Cafe,Cafe,,,,,,3121,bbox_estimate,amenity=cafe,not_contacted
Oli & Levi Espresso,Cafe,,,,,,3121,bbox_estimate,amenity=cafe,not_contacted
Oli & Levi Galleria,Cafe,,,https://www.facebook.com/pages/Oli-Levi-Galleria/1608002096089967,385 Bourke Street,,3121,bbox_estimate,amenity=cafe,not_contacted
Ollie in the Alley,Cafe,,,,,,3121,bbox_estimate,amenity=cafe,not_contacted
Olmate's,Cafe,,,https://www.olmates.au/,20 Kavanagh Street,,3121,bbox_estimate,amenity=cafe,not_contacted
Omo,Cafe,,,,18 Merriman Lane,,3121,bbox_estimate,amenity=cafe,not_contacted
One Little Place,Cafe,,,,,,3121,bbox_estimate,amenity=cafe,not_contacted
One Thirty Two,Cafe,+61 3 9510 7320,,https://www.onethirtytwo.com.au/,132 Chapel Street,,3121,bbox_estimate,amenity=cafe,not_contacted
Only Coffee Project,Cafe,,,,22 Ti Tree Walk,Docklands,3121,bbox_estimate,amenity=cafe,not_contacted
Operator San,Cafe,,,,,,3121,bbox_estimate,amenity=cafe,not_contacted
Oscar Cooper,Cafe,,,,160 Greville Street,Prahran,3121,bbox_estimate,amenity=cafe,not_contacted
Osso,Cafe,,,,,,3121,bbox_estimate,amenity=cafe,not_contacted
Otello,Cafe,,,,,,3121,bbox_estimate,amenity=cafe,not_contacted
Outpost,Cafe,,,,,,3121,bbox_estimate,amenity=cafe,not_contacted
Oxford Larder,Cafe,,,,18 Peel Street,,3121,bbox_estimate,amenity=cafe,not_contacted
Padre Coffee,Cafe,,,https://www.padrecoffee.com.au,,,3121,bbox_estimate,amenity=cafe,not_contacted
Paper Tiger,Cafe,,,,,,3121,bbox_estimate,amenity=cafe,not_contacted
Parco,Cafe,,,,,,3121,bbox_estimate,amenity=cafe,not_contacted
Park Lane Cafe,Cafe,,,,,,3121,bbox_estimate,amenity=cafe,not_contacted
Park Pantry,Cafe,,,,,,3121,bbox_estimate,amenity=cafe,not_contacted
Parlance Coffee,Cafe,,,,,,3121,bbox_estimate,amenity=cafe,not_contacted
Parlance Coffee,Cafe,,,,,,3121,bbox_estimate,amenity=cafe,not_contacted
Patisserie Madeleine De Proust,Cafe,,,,253 Lygon Street,,3121,bbox_estimate,amenity=cafe,not_contacted
Patricia Coffee Brewers,Cafe,,,https://www.patriciacoffee.com.au/,Little Bourke Street,,3121,bbox_estimate,amenity=cafe,not_contacted
Patricia Coffee Roasters,Cafe,,,,,,3121,bbox_estimate,amenity=cafe,not_contacted
Pause And Sip By White Mojo,Cafe,,,,,,3121,bbox_estimate,amenity=cafe,not_contacted
Pavilion Cafe,Cafe,,,,,,3121,bbox_estimate,amenity=cafe,not_contacted
People's Coffee,Cafe,,,https://peoplescoffee.com.au/,7 Benson Walk,Melbourne,3121,bbox_estimate,amenity=cafe,not_contacted
People's Coffee,Cafe,,,,,,3121,bbox_estimate,amenity=cafe,not_contacted
People's Coffee,Cafe,,,,,,3121,bbox_estimate,amenity=cafe,not_contacted
Peoples Coffee,Cafe,,,https://peoplescoffee.com.au/,,,3121,bbox_estimate,amenity=cafe,not_contacted
Philoçoffee Espresso Bar,Cafe,,,https://philocoffee.com.au/,162 Albert Road,,3121,bbox_estimate,amenity=cafe,not_contacted
Piadina Take Away,Cafe,+61 3 9419 8819,,,130 Gertrude Street,,3121,bbox_estimate,amenity=cafe,not_contacted
Piccante Cafe,Cafe,,,,216 St Georges Road,,3121,bbox_estimate,amenity=cafe,not_contacted
Pickles Milk Bar,Cafe,,,https://picklesmilkbar.square.site/,,,3121,bbox_estimate,amenity=cafe,not_contacted
Pie Face,Cafe,+61 3 9642 2988,,https://pieface.com.au/,,,3121,bbox_estimate,amenity=cafe,not_contacted
Pie Face,Cafe,,,,,,3121,bbox_estimate,amenity=cafe,not_contacted
Pie Face,Cafe,,,,151 Kings Way,,3121,bbox_estimate,amenity=cafe,not_contacted
Pillar of salt,Cafe,,,,,,3121,bbox_estimate,amenity=cafe,not_contacted
Pizza & Grill Cafe,Cafe,,,,396,,3121,bbox_estimate,amenity=cafe,not_contacted
Platform Espresso,Cafe,,,,,,3121,bbox_estimate,amenity=cafe,not_contacted
Plenary Café,Cafe,,,https://mcec.com.au/plan-an-event/food-and-beverage/retail,,,3121,bbox_estimate,amenity=cafe,not_contacted
Plus Coffee & Co,Cafe,,,,,,3121,bbox_estimate,amenity=cafe,not_contacted
Pocket,Cafe,,,https://pocketstore.com.au,540 Little Collins Street,,3121,bbox_estimate,amenity=cafe,not_contacted
Pony White,Cafe,,,,,,3121,bbox_estimate,amenity=cafe,not_contacted
Pop-up Cafe,Cafe,,,,Tin Alley,,3121,bbox_estimate,amenity=cafe,not_contacted
Potto,Cafe,,,,,,3121,bbox_estimate,amenity=cafe,not_contacted
Primary Cafe,Cafe,,,,,,3121,bbox_estimate,amenity=cafe,not_contacted
Professors Walk Cafe,Cafe,+61 3 9347 9184,profwalkcafe@gmail.com,https://www.professorswalkcafe.com/,11 Professors Walk,,3121,bbox_estimate,amenity=cafe,not_contacted
Project Zero Coffee,Cafe,,,,,,3121,bbox_estimate,amenity=cafe,not_contacted
Prologue Cafe,Cafe,,,,,,3121,bbox_estimate,amenity=cafe,not_contacted
Prophecy Espresso,Cafe,,,,,,3121,bbox_estimate,amenity=cafe,not_contacted
Protagonist,Cafe,,,,100 St Kilda Road,,3121,bbox_estimate,amenity=cafe,not_contacted
Proud Mary,Cafe,+61 3 9417 5930,,https://www.proudmarycoffee.com.au/,172 Oxford Street,,3121,bbox_estimate,amenity=cafe,not_contacted
Pure Pie,Cafe,,,https://www.purepie.com.au,,,3121,bbox_estimate,amenity=cafe,not_contacted
Puzzle Coffee,Cafe,+61 3 9670 2897,,https://degani.com.au/locations/southern-cross-station/,,,3121,bbox_estimate,amenity=cafe,not_contacted
Puzzle Coffee,Cafe,,,,,,3121,bbox_estimate,amenity=cafe,not_contacted
Queen Street Food Store,Cafe,,,,200 Queen Street,,3121,bbox_estimate,amenity=cafe,not_contacted
Queen Vic Juice,Cafe,,,,,,3121,bbox_estimate,amenity=cafe,not_contacted
Queens Cafe,Cafe,+61 3 9347 9088,,,138 Queensberry Street,,3121,bbox_estimate,amenity=cafe,not_contacted
Rebello,Cafe,,,https://www.rebello.au/,,,3121,bbox_estimate,amenity=cafe,not_contacted
Recovery Cafe,Cafe,,,,3A Carlton Street,,3121,bbox_estimate,amenity=cafe,not_contacted
Regulars,Cafe,,,,38 Little La Trobe Street,,3121,bbox_estimate,amenity=cafe,not_contacted
Reunion & Co,Cafe,+61 3 9429 5623,,https://www.reunionco.com.au/,472 Bridge Road,Richmond,3121,osm_tag,amenity=cafe,not_contacted
Rhumba’s,Cafe,,,,,,3121,bbox_estimate,amenity=cafe,not_contacted
Richmond Hill Cafe & Larder,Cafe,,,https://rhcl.com.au/,48-50 Bridge Road,Richmond,3121,osm_tag,amenity=cafe,not_contacted
Riché,Cafe,,,https://www.riche3121.com.au/,,,3121,bbox_estimate,amenity=cafe,not_contacted
Riversdale Gourmet,Cafe,,,,219 Riversdale Road,,3121,bbox_estimate,amenity=cafe,not_contacted
Riverside Deli,Cafe,,,,Flinders Street,,3121,bbox_estimate,amenity=cafe,not_contacted
Riverslide Skate Shop and Café,Cafe,,,,,,3121,bbox_estimate,amenity=cafe,not_contacted
Romano's,Cafe,,,,,,3121,bbox_estimate,amenity=cafe,not_contacted
Romano's Coffee,Cafe,,,,,,3121,bbox_estimate,amenity=cafe,not_contacted
Romape Cibo Da Strada,Cafe,,,,,,3121,bbox_estimate,amenity=cafe,not_contacted
Romeo's,Cafe,,,,,,3121,bbox_estimate,amenity=cafe,not_contacted
Rosso Coffee,Cafe,,,,,,3121,bbox_estimate,amenity=cafe,not_contacted
Rosso Coffee,Cafe,,,,,,3121,bbox_estimate,amenity=cafe,not_contacted
Roule Galette,Cafe,,,,,,3121,bbox_estimate,amenity=cafe,not_contacted
Routina,Cafe,,,https://routina.com.au/,103 Little Collins Street,Melbourne,3121,bbox_estimate,amenity=cafe,not_contacted
Rowena Corner Store,Cafe,,,,,,3121,bbox_estimate,amenity=cafe,not_contacted
Rowena Corner Store,Cafe,,,,,,3121,bbox_estimate,amenity=cafe,not_contacted
Royal Domain Café,Cafe,,,,,,3121,bbox_estimate,amenity=cafe,not_contacted
Rumour Has It,Cafe,,,,2 Monteath Avenue,Hawthorn East,3121,bbox_estimate,amenity=cafe,not_contacted
Rustica,Cafe,,,,,,3121,bbox_estimate,amenity=cafe,not_contacted
Rustica,Cafe,,,https://rusticasourdough.com.au/queen-collins,104 Queen Street,Melbourne,3121,bbox_estimate,amenity=cafe,not_contacted
Rustica Canteen,Cafe,,,,,,3121,bbox_estimate,amenity=cafe,not_contacted
STREAT Cafe (Purpose Precinct),Cafe,,,https://purposeprecinct.org/,,,3121,bbox_estimate,amenity=cafe,not_contacted
Sabi Sounds,Cafe,,,,,,3121,bbox_estimate,amenity=cafe,not_contacted
Sable,Cafe,,,,,,3121,bbox_estimate,amenity=cafe,not_contacted
Sage And Grace Cafe,Cafe,,,,,,3121,bbox_estimate,amenity=cafe,not_contacted
Saint Helen Cafe,Cafe,,,,173 Riversdale Road,,3121,bbox_estimate,amenity=cafe,not_contacted
Saint Jaxie,Cafe,,,https://www.saintjaxie.com/,1376 Malvern Road,Malvern,3121,bbox_estimate,amenity=cafe,not_contacted
Saint Thomas,Cafe,,,,,,3121,bbox_estimate,amenity=cafe,not_contacted
Saluministi Sandwiches,Cafe,,,,,,3121,bbox_estimate,amenity=cafe,not_contacted
Sam Spade,Cafe,,,,,,3121,bbox_estimate,amenity=cafe,not_contacted
San Churro,Cafe,,,,,,3121,bbox_estimate,amenity=cafe,not_contacted
Sandbar Beach Cafe,Cafe,,,https://www.sandbarbeachcafe.com.au/,175B Beaconsfield Parade,,3121,bbox_estimate,amenity=cafe,not_contacted
Sandrock,Cafe,+61 3 9347 5774,,,50 Flemington Road,,3121,bbox_estimate,amenity=cafe,not_contacted
Saporito,Cafe,,,https://saporitocafe.com.au/,12-16 Kavanagh Street,,3121,bbox_estimate,amenity=cafe,not_contacted
Saranti Cafe,Cafe,,,,333 Collins Street,Melbourne,3121,bbox_estimate,amenity=cafe,not_contacted
Sardi,Cafe,,,,111 Church Street,,3121,bbox_estimate,amenity=cafe,not_contacted
Sargon Cafe,Cafe,,,,,,3121,bbox_estimate,amenity=cafe,not_contacted
Schmucks Bagels,Cafe,+61 3 8393 1948,,https://schmucksbagels.com.au/,Guests Lane,,3121,bbox_estimate,amenity=cafe,not_contacted
Schmucks Bagels,Cafe,+61 3 9614 3238,,https://schmucksbagels.com.au/,567 Collins Street,,3121,bbox_estimate,amenity=cafe,not_contacted
Scholar & Co,Cafe,+61 3 9347 6165,,https://www.scholarandco.com/,757 Swanston Street,,3121,bbox_estimate,amenity=cafe,not_contacted
Sebby's Scrolls,Cafe,,,,,,3121,bbox_estimate,amenity=cafe,not_contacted
Secondipity Roasters,Cafe,,,,,,3121,bbox_estimate,amenity=cafe,not_contacted
Segafredo,Cafe,,,,,,3121,bbox_estimate,amenity=cafe,not_contacted
Sergy Boy,Cafe,,,,,,3121,bbox_estimate,amenity=cafe,not_contacted
Serotonin Eatery,Cafe,+61 3 9108 1507,manager@serotonindealer.com,https://www.serotonindealer.com,52 Madden Grove,,3121,bbox_estimate,amenity=cafe,not_contacted
Shanklin,Cafe,,,,,,3121,bbox_estimate,amenity=cafe,not_contacted
Shed Café,Cafe,,,https://mcec.com.au/plan-an-event/food-and-beverage/retail,,,3121,bbox_estimate,amenity=cafe,not_contacted
Sidearm,Cafe,,,http://sidearm.com.au/,200 Normanby Road,,3121,bbox_estimate,amenity=cafe,not_contacted
Silvs on Kennedy,Cafe,+61 3 9046 2464,,https://www.silvsonkennedy.com,1 Khartoum Street,Richmond,3121,osm_tag,amenity=cafe,not_contacted
Sir Charles,Cafe,+61 434 910 121,sircharlesfitzroy@gmail.com,https://sircharlesfitzroy.com/,121 Johnston Street,,3121,bbox_estimate,amenity=cafe,not_contacted
Sir Osborn,Cafe,,,,,,3121,bbox_estimate,amenity=cafe,not_contacted
Slowpoke,Cafe,,,,157 Brunswick Street,,3121,bbox_estimate,amenity=cafe,not_contacted
Small Batch,Cafe,,,,3-9 Little Howard Street,,3121,bbox_estimate,amenity=cafe,not_contacted
Smith+Deli,Cafe,,,https://www.smithanddeli.com/,107 Cambridge Street,,3121,bbox_estimate,amenity=cafe,not_contacted
Smooth E,Cafe,,,,,,3121,bbox_estimate,amenity=cafe,not_contacted
Solah,Cafe,+61 3 9417 1170,,https://www.facebook.com/SolahCafe,250 Victoria Parade,,3121,bbox_estimate,amenity=cafe,not_contacted
Soul Cafe,Cafe,,,,,,3121,bbox_estimate,amenity=cafe,not_contacted
Soul Soup,Cafe,,,,55 Cardigan Street,,3121,bbox_estimate,amenity=cafe,not_contacted
South of Johnston,Cafe,+61 3 9417 2741,,https://www.southofjohnston.com.au/,46 Oxford Street,,3121,bbox_estimate,amenity=cafe,not_contacted
Spazio Paradiso,Cafe,,,,709 Nicholson Street,,3121,bbox_estimate,amenity=cafe,not_contacted
Speck,Cafe,,,,,,3121,bbox_estimate,amenity=cafe,not_contacted
Spin Coffee,Cafe,,,http://www.spincoffee.com.au,,,3121,bbox_estimate,amenity=cafe,not_contacted
Square One,Cafe,,,,,,3121,bbox_estimate,amenity=cafe,not_contacted
Square and Compass,Cafe,+61 3 9416 4914,,http://squareandcompass.com.au/,,,3121,bbox_estimate,amenity=cafe,not_contacted
St Ali And The Queen,Cafe,,,,,,3121,bbox_estimate,amenity=cafe,not_contacted
St Ali Canteen,Cafe,,,https://stali.com.au/pages/st-ali-canteen-the-university-of-melbourne,15 Monash Road,,3121,bbox_estimate,amenity=cafe,not_contacted
St Ali Coffee Roasters,Cafe,+61 3 9686 2990,,https://stali.com.au/,12-18 Yarra Place,,3121,bbox_estimate,amenity=cafe,not_contacted
St Edmonds,Cafe,+61 3 9525 0473,,https://st-edmonds.business.site/,154 Greville Street,,3121,bbox_estimate,amenity=cafe,not_contacted
St Kilda Pier Kiosk,Cafe,,,http://www.stkildapierkiosk.com.au/,,,3121,bbox_estimate,amenity=cafe,not_contacted
Standing Room,Cafe,,,https://standingroomcoffee.com.au/,Masson Road,,3121,bbox_estimate,amenity=cafe,not_contacted
Starbucks,Cafe,+61 3 9642 4701,,https://www.starbucks.com.au/find-a-store?searchtext=spencer%20&id=22,201 Spencer Street,,3121,bbox_estimate,amenity=cafe,not_contacted
Starbucks,Cafe,,,,,,3121,bbox_estimate,amenity=cafe,not_contacted
Starbucks,Cafe,,,https://www.starbucks.com.au,,,3121,bbox_estimate,amenity=cafe,not_contacted
Starbucks,Cafe,,,,,,3121,bbox_estimate,amenity=cafe,not_contacted
Starbucks,Cafe,,,,,,3121,bbox_estimate,amenity=cafe,not_contacted
Starbucks,Cafe,,,,,,3121,bbox_estimate,amenity=cafe,not_contacted
Steel & Stone,Cafe,,,,140 William Street,Melbourne,3121,bbox_estimate,amenity=cafe,not_contacted
Stefanino,Cafe,,,,,,3121,bbox_estimate,amenity=cafe,not_contacted
Stillman Cafe,Cafe,,,http://stillman.cafe/,237 Burnley Street,,3121,bbox_estimate,amenity=cafe,not_contacted
Stockroom 567,Cafe,,,,,,3121,bbox_estimate,amenity=cafe,not_contacted
Street Organics,Cafe,,,,,,3121,bbox_estimate,amenity=cafe,not_contacted
Streettalk,Cafe,,,,,,3121,bbox_estimate,amenity=cafe,not_contacted
Strozzi,Cafe,+61 3 9629 4844,strozzi@fastmail.fm,https://www.strozzi.com.au/,333 Collins Street,,3121,bbox_estimate,amenity=cafe,not_contacted
Supersede,Cafe,,,,521 Elizabeth Street,,3121,bbox_estimate,amenity=cafe,not_contacted
Sushi Lane,Cafe,,,,,,3121,bbox_estimate,amenity=cafe,not_contacted
Swan Lab Barista School,Cafe,,,,,,3121,bbox_estimate,amenity=cafe,not_contacted
T-Roy Browns,Cafe,,,,365 Flinders Street,,3121,bbox_estimate,amenity=cafe,not_contacted
Tami Sweet,Cafe,,,,145 Lonsdale Street,,3121,bbox_estimate,amenity=cafe,not_contacted
Tapa,Cafe,,,,,,3121,bbox_estimate,amenity=cafe,not_contacted
Tea Wave,Cafe,,,,,,3121,bbox_estimate,amenity=cafe,not_contacted
Teej Cafe,Cafe,,,,760 Bourke Street,,3121,bbox_estimate,amenity=cafe,not_contacted
Temple Arden,Cafe,,,https://www.tabernaclegames.com.au/,135 Arden Street,,3121,bbox_estimate,amenity=cafe,not_contacted
Terror Twilight,Cafe,+61 3 9417 0129,hello@terrortwilight.com.au,https://terrortwilight.com.au,11-13 Johnston Street,,3121,bbox_estimate,amenity=cafe,not_contacted
The Alley Edition,Cafe,,,,,,3121,bbox_estimate,amenity=cafe,not_contacted
The Alt Grill and Bar,Cafe,+61 3 9417 4460,,,334 Smith Street,,3121,bbox_estimate,amenity=cafe,not_contacted
The Armstrong Street Food Store,Cafe,,,,28-30 Armstrong Street,,3121,bbox_estimate,amenity=cafe,not_contacted
The Avenue Foodstore,Cafe,,,,,,3121,bbox_estimate,amenity=cafe,not_contacted
The Bean Project,Cafe,+61 405 567 772,kerrie@thebeanproject.com.au,https://www.facebook.com/beanprojectcafe/,427-433 Swanston Street,,3121,bbox_estimate,amenity=cafe,not_contacted
The Bean Room,Cafe,,,,,,3121,bbox_estimate,amenity=cafe,not_contacted
The Belljar,Cafe,,,,656 Smith Street,,3121,bbox_estimate,amenity=cafe,not_contacted
The Bond Store,Cafe,+61 3 9686 9007,,https://www.bondstorecafe.com/,1 Riverside Quay,,3121,bbox_estimate,amenity=cafe,not_contacted
The Cheesecake Shop,Cafe,,,https://www.cheesecake.com.au/,,,3121,bbox_estimate,amenity=cafe,not_contacted
The Chocolate Lover,Cafe,,,,494 Tooronga Road,,3121,bbox_estimate,amenity=cafe,not_contacted
The Cupcake Queens,Cafe,,,https://thecupcakequeens.com.au/,,,3121,bbox_estimate,amenity=cafe,not_contacted
The Dessert Kitchen,Cafe,,,,,,3121,bbox_estimate,amenity=cafe,not_contacted
The Fair Trader,Cafe,,,,,,3121,bbox_estimate,amenity=cafe,not_contacted
The Fat Spatula,Cafe,,,,,,3121,bbox_estimate,amenity=cafe,not_contacted
The Fitz,Cafe,,,,347 Brunswick Street,,3121,bbox_estimate,amenity=cafe,not_contacted
The French Quarter Patisserie,Cafe,+61 3 9326 9099,,https://the-french-quarter.edan.io/,570-574 Queensberry Street,,3121,bbox_estimate,amenity=cafe,not_contacted
The George,Cafe,,,,,,3121,bbox_estimate,amenity=cafe,not_contacted
The Green Goose,Cafe,,,,,,3121,bbox_estimate,amenity=cafe,not_contacted
The Grey Smith,Cafe,,,,,,3121,bbox_estimate,amenity=cafe,not_contacted
The Journal Cafe,Cafe,+61 3 9650 4399,,https://www.journalcafemelbourne.com/,253 Flinders Lane,,3121,bbox_estimate,amenity=cafe,not_contacted
The League Of Honest Coffee,Cafe,,,,,,3121,bbox_estimate,amenity=cafe,not_contacted
The Little Royal,Cafe,,,,,,3121,bbox_estimate,amenity=cafe,not_contacted
The Lunch Spot,Cafe,,,,,,3121,bbox_estimate,amenity=cafe,not_contacted
The Maj,Cafe,,,,,,3121,bbox_estimate,amenity=cafe,not_contacted
The Old Paper Shop Deli,Cafe,+61 3 9690 6702,,,266-268 Clarendon Street,,3121,bbox_estimate,amenity=cafe,not_contacted
The Original Cafe,Cafe,+61 3 9690 2441,,,23 Dorcas Street,,3121,bbox_estimate,amenity=cafe,not_contacted
The Perch Cafe,Cafe,,,,485 La Trobe Street,,3121,bbox_estimate,amenity=cafe,not_contacted
The Queensberry Pour House,Cafe,,,,,,3121,bbox_estimate,amenity=cafe,not_contacted
The School of Life,Cafe,,,https://www.theschooloflife.com/melbourne/,669 Bourke Street,,3121,bbox_estimate,amenity=cafe,not_contacted
The Simple Foodie,Cafe,,,,,,3121,bbox_estimate,amenity=cafe,not_contacted
The St Kilda Dispensary,Cafe,,,,13 Brighton Road,,3121,bbox_estimate,amenity=cafe,not_contacted
The Stables of Como Cafe,Cafe,,,,,,3121,bbox_estimate,amenity=cafe,not_contacted
The Studio Beans,Cafe,+61 3 9416 5072,,https://www.thestudiobeans.com.au,,,3121,bbox_estimate,amenity=cafe,not_contacted
The Studio Beans Coffee Roasters,Cafe,,,https://www.mryum.com/sb-retail/delivery,100A Barkly Street,,3121,bbox_estimate,amenity=cafe,not_contacted
The Tea Rooms 1892,Cafe,,,https://thetearooms1892.com.au/,,,3121,bbox_estimate,amenity=cafe,not_contacted
The Terrace,Cafe,,,https://www.rbg.vic.gov.au/visit-melbourne/plan-your-visit/visitor-information,,,3121,bbox_estimate,amenity=cafe,not_contacted
Theatre Works Café,Cafe,,,https://www.theatreworks.org.au/blackbox-cafe,,,3121,bbox_estimate,amenity=cafe,not_contacted
Thread,Cafe,,,,1373 Malvern Road,,3121,bbox_estimate,amenity=cafe,not_contacted
Three Bags Full,Cafe,,,,60 Nicholson Street,,3121,bbox_estimate,amenity=cafe,not_contacted
Three Beans,Cafe,,,,,,3121,bbox_estimate,amenity=cafe,not_contacted
Three Drops Cafe,Cafe,,,,,,3121,bbox_estimate,amenity=cafe,not_contacted
Three One Two One,Cafe,,,https://www.threeone2one.com.au/,424 Bridge Road,Richmond,3121,osm_tag,amenity=cafe,not_contacted
Three Squares,Cafe,,,,,,3121,bbox_estimate,amenity=cafe,not_contacted
Thyme²,Cafe,,,,,,3121,bbox_estimate,amenity=cafe,not_contacted
Tiamo,Cafe,+61 3 9347 5759,,https://www.tiamo.com.au,305 Lygon Street,,3121,bbox_estimate,amenity=cafe,not_contacted
Tiger's Den,Cafe,,,,,,3121,bbox_estimate,amenity=cafe,not_contacted
Time After Time,Cafe,,,,7 Howey Place,,3121,bbox_estimate,amenity=cafe,not_contacted
Time Out Cafe,Cafe,,,,,,3121,bbox_estimate,amenity=cafe,not_contacted
Timeless,Cafe,,,,,,3121,bbox_estimate,amenity=cafe,not_contacted
Tinpot Cafe,Cafe,+61 3 9481 5312,,https://www.facebook.com/Tin-Pot-Cafe-116955078361388/,248-250 St Georges Road,,3121,bbox_estimate,amenity=cafe,not_contacted
Tinto,Cafe,,,,,,3121,bbox_estimate,amenity=cafe,not_contacted
Tivoli Express,Cafe,,,,3 Tivoli Road,,3121,bbox_estimate,amenity=cafe,not_contacted
Toby's Estate,Cafe,,,https://tobysestate.com.au,35 Rose Street,,3121,bbox_estimate,amenity=cafe,not_contacted
Tokyo Lamington,Cafe,+61 402 392 258,,https://www.tokyolamington.com/,258 Elgin Street,,3121,bbox_estimate,amenity=cafe,not_contacted
Tom Thumb,Cafe,,,,,,3121,bbox_estimate,amenity=cafe,not_contacted
Tomo's,Cafe,,,https://tomoslittlecollins.com/,382 Little Collins Street,Melbourne,3121,bbox_estimate,amenity=cafe,not_contacted
Top Paddock,Cafe,+61 3 9429 4332,,https://thetoppaddock.com,,,3121,bbox_estimate,amenity=cafe,not_contacted
Top Tea,Cafe,,,,,,3121,bbox_estimate,amenity=cafe,not_contacted
Top Tea,Cafe,,,,,,3121,bbox_estimate,amenity=cafe,not_contacted
Tori's,Cafe,,,,124 Exhibition Street,,3121,bbox_estimate,amenity=cafe,not_contacted
Tori’s,Cafe,,,https://toris.com.au/,28 Niagara Lane,,3121,bbox_estimate,amenity=cafe,not_contacted
Touchwood,Cafe,,,https://www.touchwoodcafe.com/,480 Bridge Road,,3121,osm_tag,amenity=cafe,not_contacted
Tram Cafe,Cafe,,,,,,3121,bbox_estimate,amenity=cafe,not_contacted
Treasury Deli and Cafe,Cafe,,,,,,3121,bbox_estimate,amenity=cafe,not_contacted
Trenerry Cafe,Cafe,,,,,,3121,bbox_estimate,amenity=cafe,not_contacted
Tsuko's,Cafe,,,,,,3121,bbox_estimate,amenity=cafe,not_contacted
Tuck Shop Turnery,Cafe,,,,5 Bromham Place,Richmond,3121,bbox_estimate,amenity=cafe,not_contacted
Tusk High Bar,Cafe,+61 3 9529 1198,,https://tuskhighbar.com.au/,133 Chapel Street,,3121,bbox_estimate,amenity=cafe,not_contacted
Tutto,Cafe,,,,,,3121,bbox_estimate,amenity=cafe,not_contacted
Two Birds One Stone,Cafe,+61 3 9827 1228,info@twobirdsonestonecafe.com.au,https://www.twobirdsonestonecafe.com.au/,12 Claremont Street,,3121,bbox_estimate,amenity=cafe,not_contacted
Two Fingers,Cafe,,,,,,3121,bbox_estimate,amenity=cafe,not_contacted
Two Pillars,Cafe,,,,,,3121,bbox_estimate,amenity=cafe,not_contacted
Two:Bob,Cafe,,,,270 Queens Parade,,3121,bbox_estimate,amenity=cafe,not_contacted
UDLE,Cafe,,,udle.org,,,3121,bbox_estimate,amenity=cafe,not_contacted
Udom House,Cafe,,,https://www.facebook.com/people/Udom-House/100063861621391/,343 Victoria Street,,3121,bbox_estimate,amenity=cafe,not_contacted
Ultimate Coffee Bar,Cafe,,,,,,3121,bbox_estimate,amenity=cafe,not_contacted
Upstanding Citizens,Cafe,,,,,,3121,bbox_estimate,amenity=cafe,not_contacted
Upstanding Citizens,Cafe,,,,,,3121,bbox_estimate,amenity=cafe,not_contacted
Upstate Coffee,Cafe,,,https://upstatecoffee.com.au/,,,3121,bbox_estimate,amenity=cafe,not_contacted
VIT Cafe,Cafe,,,,,,3121,bbox_estimate,amenity=cafe,not_contacted
Vacation,Cafe,,,,,,3121,bbox_estimate,amenity=cafe,not_contacted
Velvet Bean,Cafe,+61 468 883 802,,https://velvetbean.com.au/,35 Albert Road,,3121,bbox_estimate,amenity=cafe,not_contacted
Victoria Lounge,Cafe,,,,68 Victoria Street,Richmond,3121,osm_tag,amenity=cafe,not_contacted
Vincent the Dog,Cafe,,,,348 Drummond Street,,3121,bbox_estimate,amenity=cafe,not_contacted
Vona Co,Cafe,,,,,,3121,bbox_estimate,amenity=cafe,not_contacted
Wall Two80,Cafe,,,,,,3121,bbox_estimate,amenity=cafe,not_contacted
Warkop,Cafe,,,,,,3121,bbox_estimate,amenity=cafe,not_contacted
Warm Hugs,Cafe,,,,163-163A Lennox Street,,3121,bbox_estimate,amenity=cafe,not_contacted
Wee Bird,Cafe,,,,,,3121,bbox_estimate,amenity=cafe,not_contacted
Who's Harry,Cafe,,,,,,3121,bbox_estimate,amenity=cafe,not_contacted
Wild Bean Cafe,Cafe,,,https://www.bp.com.au,322 City Road,,3121,bbox_estimate,amenity=cafe,not_contacted
Wild Dogs Cafe,Cafe,,,,,,3121,bbox_estimate,amenity=cafe,not_contacted
Wild Timor Coffee Co.,Cafe,,,,,,3121,bbox_estimate,amenity=cafe,not_contacted
Winkel,Cafe,,,,135 Church Street,,3121,bbox_estimate,amenity=cafe,not_contacted
Woods,Cafe,,,,,,3121,bbox_estimate,amenity=cafe,not_contacted
Woodside Green,Cafe,,,,,,3121,bbox_estimate,amenity=cafe,not_contacted
Xing Fu Tang,Cafe,,,,273 Elizabeth Street,,3121,bbox_estimate,amenity=cafe,not_contacted
Xpressomondo,Cafe,,,,,,3121,bbox_estimate,amenity=cafe,not_contacted
Xtraction,Cafe,+61 3 9642 2501,,,,,3121,bbox_estimate,amenity=cafe,not_contacted
Yarra Edge Nursery Cafe,Cafe,,,,,,3121,bbox_estimate,amenity=cafe,not_contacted
Yi Fang Tea,Cafe,,,,,,3121,bbox_estimate,amenity=cafe,not_contacted
Yo Chi,Cafe,,,,,,3121,bbox_estimate,amenity=cafe,not_contacted
Yuca Melbourne,Cafe,,,,,,3121,bbox_estimate,amenity=cafe,not_contacted
Yummy Puff,Cafe,,,,,,3121,bbox_estimate,amenity=cafe,not_contacted
Zakka Life,Cafe,,,,,,3121,bbox_estimate,amenity=cafe,not_contacted
Zinc,Cafe,,,,,,3121,bbox_estimate,amenity=cafe,not_contacted
Zoo Bakery,Cafe,,,,,,3121,bbox_estimate,amenity=cafe,not_contacted
Zouki Cafe,Cafe,,,,,,3121,bbox_estimate,amenity=cafe,not_contacted
fed,Cafe,,,,,,3121,bbox_estimate,amenity=cafe,not_contacted
iBean,Cafe,,,,,,3121,bbox_estimate,amenity=cafe,not_contacted
in.btw,Cafe,,,,,,3121,bbox_estimate,amenity=cafe,not_contacted
lenny,Cafe,,,,113 Victoria Avenue,,3121,bbox_estimate,amenity=cafe,not_contacted
o3 Cafe & Coworking,Cafe,,,https://www.o3space.org/melbourne,87 Queens Bridge Street,,3121,bbox_estimate,amenity=cafe,not_contacted
pg.2,Cafe,,,,207 Swan Street,,3121,bbox_estimate,amenity=cafe,not_contacted
prickly pear coffee (free wifi),Cafe,,,,,,3121,bbox_estimate,amenity=cafe,not_contacted
socially awkward,Cafe,+61 478 906 201,,https://www.instagram.com/sociallyawkward.coffeebar/,98 Dover Street,Cremorne,3121,osm_tag,amenity=cafe,not_contacted
the story so far,Cafe,,,,142 Bridport Street,,3121,bbox_estimate,amenity=cafe,not_contacted
AWM Electrical  - Abbotsford,Electrician,,,,324 Johnston Street,,3121,bbox_estimate,shop=electrical,not_contacted
O'Brien Electrical & Plumbing,Electrician,,,,,,3121,bbox_estimate,craft=electrician,not_contacted
Rexel,Electrician,,,,63 Murphy Street,Richmond,3121,osm_tag,shop=electrical,not_contacted
A Koniaras,Hairdresser / Salon,+61 3 9419 4304,,,191 Gertrude Street,,3121,bbox_estimate,shop=hairdresser,not_contacted
A Little Hair Affair; Della Hair and Beauty,Hairdresser / Salon,,,https://dellabeauty.com.au/,313 St Georges Road,,3121,bbox_estimate,shop=hairdresser,not_contacted
AB hair and makeup,Hairdresser / Salon,,,,150 Bridport Street,,3121,bbox_estimate,shop=hairdresser,not_contacted
AREA Studio,Hairdresser / Salon,,,,,,3121,bbox_estimate,shop=hairdresser,not_contacted
Aldo Raymond,Hairdresser / Salon,,,,,,3121,bbox_estimate,shop=hairdresser,not_contacted
Alpha Barbers,Hairdresser / Salon,,,https://www.alphabarbers.com.au/,201 Spring Street,Melbourne,3121,bbox_estimate,shop=hairdresser,not_contacted
Alpha Barbers,Hairdresser / Salon,,,,,,3121,bbox_estimate,shop=hairdresser,not_contacted
Alpha Barbers,Hairdresser / Salon,,,,,,3121,bbox_estimate,shop=hairdresser,not_contacted
Amunra Barbershop,Hairdresser / Salon,,,,,,3121,bbox_estimate,shop=hairdresser,not_contacted
Andy R,Hairdresser / Salon,,,,,,3121,bbox_estimate,shop=hairdresser,not_contacted
Another Man Barber & Shop Queen Victoria Market,Hairdresser / Salon,+61 493 625 204,,https://anothermanbarber.com/,139 Victoria Street,Melbourne,3121,bbox_estimate,shop=hairdresser,not_contacted
Armstrong Barber Company,Hairdresser / Salon,,,,2 Armstrong Street,,3121,bbox_estimate,shop=hairdresser,not_contacted
Barbarella Hair,Hairdresser / Salon,+61 3 9416 2266,,,207 Gertrude Street,,3121,bbox_estimate,shop=hairdresser,not_contacted
Barber Shop,Hairdresser / Salon,,,,,,3121,bbox_estimate,shop=hairdresser,not_contacted
Barber of Seville,Hairdresser / Salon,,,https://www.barberofseville.com.au/,,,3121,bbox_estimate,shop=hairdresser,not_contacted
Barber on Errol,Hairdresser / Salon,+61 3 9328 1767,,https://www.barberonerrol.com.au/,73 Errol Street,,3121,bbox_estimate,shop=hairdresser,not_contacted
Biba,Hairdresser / Salon,+61 3 9419 4433,,https://www.biba.com.au/,237 Gertrude Street,,3121,bbox_estimate,shop=hairdresser,not_contacted
Biba,Hairdresser / Salon,,,,732 Glenferrie Road,,3121,bbox_estimate,shop=hairdresser,not_contacted
Biba Academy,Hairdresser / Salon,+61 3 9415 8488,,https://www.biba.com.au/,238 Johnston Street,,3121,bbox_estimate,shop=hairdresser,not_contacted
Big Mal,Hairdresser / Salon,+61 422 588 666,,https://www.facebook.com/p/Big-mal-mineral-and-organic-hairdressing-100063934121721/,,,3121,bbox_estimate,shop=hairdresser,not_contacted
Bilson Hairdressing,Hairdresser / Salon,,,,161 Mills Street,,3121,bbox_estimate,shop=hairdresser,not_contacted
Blackstone Barber,Hairdresser / Salon,,,,,,3121,bbox_estimate,shop=hairdresser,not_contacted
Bono Hair,Hairdresser / Salon,,,,,,3121,bbox_estimate,shop=hairdresser,not_contacted
CBD Barbers,Hairdresser / Salon,,,,,,3121,bbox_estimate,shop=hairdresser,not_contacted
CUTTHROAT,Hairdresser / Salon,,,,,,3121,bbox_estimate,shop=hairdresser,not_contacted
Carlton Barbers,Hairdresser / Salon,,,,,,3121,bbox_estimate,shop=hairdresser,not_contacted
Carlton Set Hairdressing,Hairdresser / Salon,+61 3 9347 3347,,,163 Elgin Street,,3121,bbox_estimate,shop=hairdresser,not_contacted
Carpe Diem,Hairdresser / Salon,,,,398 Rathdowne Street,,3121,bbox_estimate,shop=hairdresser,not_contacted
Cheveux,Hairdresser / Salon,,,,,,3121,bbox_estimate,shop=hairdresser,not_contacted
Clash City Hair,Hairdresser / Salon,,,,,,3121,bbox_estimate,shop=hairdresser,not_contacted
Classic Barber,Hairdresser / Salon,,,,,,3121,bbox_estimate,shop=hairdresser,not_contacted
Code Black Barbers,Hairdresser / Salon,,,,157 Victoria Avenue,,3121,bbox_estimate,shop=hairdresser,not_contacted
Collingwood Hairsmiths,Hairdresser / Salon,+61 3 9486 0666,,https://kobu.com.au/,263 Smith Street,,3121,bbox_estimate,shop=hairdresser,not_contacted
Con's hairdressing,Hairdresser / Salon,,,,136 Bridport Street,,3121,bbox_estimate,shop=hairdresser,not_contacted
D2M Hair Salon,Hairdresser / Salon,,,https://d2mhair.com.au/,1256 Malvern Road,,3121,bbox_estimate,shop=hairdresser,not_contacted
D2M Salon,Hairdresser / Salon,,,,,,3121,bbox_estimate,shop=hairdresser,not_contacted
Dare 2 Hair Studio,Hairdresser / Salon,+61 3 9347 2569,,,95 Elgin Street,,3121,bbox_estimate,shop=hairdresser,not_contacted
De Meli's International Hairdressing,Hairdresser / Salon,,,,,,3121,bbox_estimate,shop=hairdresser,not_contacted
Divine Hair & Co,Hairdresser / Salon,+61 3 9699 9073,,https://www.facebook.com/divinehairandco/,352 Clarendon Street,,3121,bbox_estimate,shop=hairdresser,not_contacted
Donna Sheridan,Hairdresser / Salon,,,,71 Kerr Street,,3121,bbox_estimate,shop=hairdresser,not_contacted
Drunken Barber,Hairdresser / Salon,,,https://www.drunkenbarber.com.au/,119 Smith Street,,3121,bbox_estimate,shop=hairdresser,not_contacted
Dylan James Salon,Hairdresser / Salon,,,https://dylanjamessalon.wordpress.com/,1390 Malvern Road,,3121,bbox_estimate,shop=hairdresser,not_contacted
Dévoué Hair,Hairdresser / Salon,,,https://www.devouehair.com.au/,437 Little Bourke Street,Melbourne,3121,bbox_estimate,shop=hairdresser,not_contacted
Element Hair Salon,Hairdresser / Salon,,,,213 Bourke Street,,3121,bbox_estimate,shop=hairdresser,not_contacted
Emmanuel ammo,Hairdresser / Salon,,,,,,3121,bbox_estimate,shop=hairdresser,not_contacted
Enzo & Mena Hair Design,Hairdresser / Salon,+61 3 9419 1170,,,213 Brunswick Street,,3121,bbox_estimate,shop=hairdresser,not_contacted
Evolve Hair Salon,Hairdresser / Salon,+61 3 9822 4387,,https://www.evolvehairsalon.com.au/,1340 Malvern Road,,3121,bbox_estimate,shop=hairdresser,not_contacted
Flinders Lane Barbers,Hairdresser / Salon,,,,,,3121,bbox_estimate,shop=hairdresser,not_contacted
Fluff Hair,Hairdresser / Salon,+61 3 9415 7434,,,46 Smith Street,,3121,bbox_estimate,shop=hairdresser,not_contacted
Forecast Hairdressing,Hairdresser / Salon,,,,,,3121,bbox_estimate,shop=hairdresser,not_contacted
Forecast Hairdressing,Hairdresser / Salon,,,,,,3121,bbox_estimate,shop=hairdresser,not_contacted
Fur Hairdressing,Hairdresser / Salon,,,,236 Brunswick Street,,3121,bbox_estimate,shop=hairdresser,not_contacted
Glen Iris Hairdressing Studio,Hairdresser / Salon,,,,1523 High Street,,3121,bbox_estimate,shop=hairdresser,not_contacted
Glory of Hair,Hairdresser / Salon,+61 3 9417 2272,,,289 Smith Street,,3121,bbox_estimate,shop=hairdresser,not_contacted
HDC Hairdressing,Hairdresser / Salon,,,https://hdchairdressing.com.au,,,3121,bbox_estimate,shop=hairdresser,not_contacted
Hair Affair,Hairdresser / Salon,,,,,,3121,bbox_estimate,shop=hairdresser,not_contacted
Hair Decor,Hairdresser / Salon,,,,,,3121,bbox_estimate,shop=hairdresser,not_contacted
Hair Duo,Hairdresser / Salon,,,,105B Mid City Arcade,,3121,bbox_estimate,shop=hairdresser,not_contacted
Hair V&A Salon,Hairdresser / Salon,,,,117 Mid City Arcade,,3121,bbox_estimate,shop=hairdresser,not_contacted
Hair by Hong,Hairdresser / Salon,,,,293 Victoria Street,,3121,bbox_estimate,shop=hairdresser,not_contacted
Hairroom Salons,Hairdresser / Salon,,,,,,3121,bbox_estimate,shop=hairdresser,not_contacted
Hairstar,Hairdresser / Salon,,,,,,3121,bbox_estimate,shop=hairdresser,not_contacted
Heading Out,Hairdresser / Salon,,,,225 Brunswick Street,,3121,bbox_estimate,shop=hairdresser,not_contacted
Heading Out Academy,Hairdresser / Salon,+61 3 9416 4558,,http://www.headingoutacademy.com.au,131 Johnston Street,,3121,bbox_estimate,shop=hairdresser,not_contacted
Henry Lee Barbershop,Hairdresser / Salon,+61 413 164 403,henryleebarbershop@gmail.com,https://www.henryleebarbershop.com,145 Johnston Street,,3121,bbox_estimate,shop=hairdresser,not_contacted
Honey Blonde,Hairdresser / Salon,,,,,,3121,bbox_estimate,shop=hairdresser,not_contacted
IA Barber Shop,Hairdresser / Salon,,,,,,3121,bbox_estimate,shop=hairdresser,not_contacted
Ibiza,Hairdresser / Salon,,,,151 Victoria Avenue,,3121,bbox_estimate,shop=hairdresser,not_contacted
Intercosmo,Hairdresser / Salon,,,,,,3121,bbox_estimate,shop=hairdresser,not_contacted
Jacks Barbers,Hairdresser / Salon,,,,32 Bourke Street,,3121,bbox_estimate,shop=hairdresser,not_contacted
Jewel on High,Hairdresser / Salon,,,,,,3121,bbox_estimate,shop=hairdresser,not_contacted
Jisu,Hairdresser / Salon,,,,Elizabeth Street,,3121,bbox_estimate,shop=hairdresser,not_contacted
Just Cuts,Hairdresser / Salon,,,,,,3121,bbox_estimate,shop=hairdresser,not_contacted
Kabuki Hair Studio,Hairdresser / Salon,+61 3 9349 1727,,,93 Grattan Street,,3121,bbox_estimate,shop=hairdresser,not_contacted
Kew Cuts,Hairdresser / Salon,,,,,,3121,bbox_estimate,shop=hairdresser,not_contacted
King's Domain,Hairdresser / Salon,,,,,,3121,bbox_estimate,shop=hairdresser,not_contacted
Kings Domain,Hairdresser / Salon,,,,,,3121,bbox_estimate,shop=hairdresser,not_contacted
Kis Hair Salon,Hairdresser / Salon,,,,,,3121,bbox_estimate,shop=hairdresser,not_contacted
Klass Kutters,Hairdresser / Salon,+61 3 9417 6892,,,231 Smith Street,,3121,bbox_estimate,shop=hairdresser,not_contacted
Koto,Hairdresser / Salon,+61 3 9821 0330,,https://kotohair.com.au/,,,3121,bbox_estimate,shop=hairdresser,not_contacted
La Catalana,Hairdresser / Salon,,,,40 Armstrong Street,,3121,bbox_estimate,shop=hairdresser,not_contacted
Latt Melbourne,Hairdresser / Salon,,,,,,3121,bbox_estimate,shop=hairdresser,not_contacted
Linh Hair Salon,Hairdresser / Salon,+61 3 9078 9632,,,223 Smith Street,,3121,bbox_estimate,shop=hairdresser,not_contacted
Little Buddha,Hairdresser / Salon,+61 3 9077 1468,,,36 Johnston Street,,3121,bbox_estimate,shop=hairdresser,not_contacted
Louise Salon,Hairdresser / Salon,,,,342 Park Street,,3121,bbox_estimate,shop=hairdresser,not_contacted
Luxman,Hairdresser / Salon,,,,,,3121,bbox_estimate,shop=hairdresser,not_contacted
Lygon Hairdresser,Hairdresser / Salon,+61 3 9347 6770,,,165 Elgin Street,,3121,bbox_estimate,shop=hairdresser,not_contacted
Madam Frou Frou,Hairdresser / Salon,,,,108 Rathdowne Street,,3121,bbox_estimate,shop=hairdresser,not_contacted
Madison's World,Hairdresser / Salon,+61 483 849 660,,https://madisons.world,506 Queensberry Street,,3121,bbox_estimate,shop=hairdresser,not_contacted
Male Grooming Co,Hairdresser / Salon,,,,,,3121,bbox_estimate,shop=hairdresser,not_contacted
Manuka Crew,Hairdresser / Salon,,,,,,3121,bbox_estimate,shop=hairdresser,not_contacted
Mayhem Barbers,Hairdresser / Salon,+61 477 597 100,,https://www.mayhembarbers.com.au/,718 Burke Road,,3121,bbox_estimate,shop=hairdresser,not_contacted
Melbourne Barber Shop,Hairdresser / Salon,+61 3 9663 8548,,,,,3121,bbox_estimate,shop=hairdresser,not_contacted
Melbourne Style Lounge,Hairdresser / Salon,,,,,,3121,bbox_estimate,shop=hairdresser,not_contacted
Men's Biz,Hairdresser / Salon,,,,,,3121,bbox_estimate,shop=hairdresser,not_contacted
Michael Strugnell,Hairdresser / Salon,,,,88B Park Road,,3121,bbox_estimate,shop=hairdresser,not_contacted
Mini Me Salon,Hairdresser / Salon,+61 3 9419 4901,,http://fitzroyhairdresser.com.au/,344 Fitzroy Street,,3121,bbox_estimate,shop=hairdresser,not_contacted
Mira,Hairdresser / Salon,,,,,,3121,bbox_estimate,shop=hairdresser,not_contacted
Monarch Hair Design,Hairdresser / Salon,,,,,,3121,bbox_estimate,shop=hairdresser,not_contacted
N Hair,Hairdresser / Salon,,,,,,3121,bbox_estimate,shop=hairdresser,not_contacted
Newcut,Hairdresser / Salon,+61 3 9347 5281,,,53-57 Elgin Street,,3121,bbox_estimate,shop=hairdresser,not_contacted
Ohana Hairdressing,Hairdresser / Salon,+61 3 9416 5026,,http://www.ohanahairdressing.com.au/,308 Smith Street,,3121,bbox_estimate,shop=hairdresser,not_contacted
Onyx,Hairdresser / Salon,+61 3 9853 0655,,,,,3121,bbox_estimate,shop=hairdresser,not_contacted
Organika Hair,Hairdresser / Salon,+61 3 9041 4824,,https://www.organikahair.com.au/,161 Elgin Street,,3121,bbox_estimate,shop=hairdresser,not_contacted
Oxbridge Barber Shop,Hairdresser / Salon,,,,,,3121,bbox_estimate,shop=hairdresser,not_contacted
PPS Hair Studio,Hairdresser / Salon,,,,,,3121,bbox_estimate,shop=hairdresser,not_contacted
Paul's Hair Port,Hairdresser / Salon,+61 3 9387 1035,,https://paulshairport.com.au/,324 Park Street,,3121,bbox_estimate,shop=hairdresser,not_contacted
Peers Hairdressing,Hairdresser / Salon,,,,1525 High Street,,3121,bbox_estimate,shop=hairdresser,not_contacted
Petasimone Hair,Hairdresser / Salon,,,https://www.petasimone.com.au/,701 Nicholson Street,,3121,bbox_estimate,shop=hairdresser,not_contacted
Phoenix & Co Barbering,Hairdresser / Salon,,,,,,3121,bbox_estimate,shop=hairdresser,not_contacted
Piccadilly Smith Hair Design,Hairdresser / Salon,,,,171 Victoria Avenue,,3121,bbox_estimate,shop=hairdresser,not_contacted
Pomp Hair,Hairdresser / Salon,,,,,,3121,bbox_estimate,shop=hairdresser,not_contacted
Rare Earth Hair,Hairdresser / Salon,+61 3 9510 7447,,https://rareearthhair.com.au/,184 Commercial Road,,3121,bbox_estimate,shop=hairdresser,not_contacted
Raw Element,Hairdresser / Salon,,,,333 Drummond Street,,3121,bbox_estimate,shop=hairdresser,not_contacted
Razor Smiths,Hairdresser / Salon,+61 3 9939 4887,collingwood@xianghair.com.au,https://razorsmiths.com.au/,342 Smith Street,,3121,bbox_estimate,shop=hairdresser,not_contacted
Red Scissors,Hairdresser / Salon,+61 3 9686 5223,,,371 Clarendon Street,,3121,bbox_estimate,shop=hairdresser,not_contacted
Redroom Hair Workshop,Hairdresser / Salon,+61 3 9417 5552,,,91 Smith Street,,3121,bbox_estimate,shop=hairdresser,not_contacted
Revamp U Hair + Beauty,Hairdresser / Salon,+61 418 564 340,,https://www.facebook.com/revampuhair/,791 Nicholson Street,,3121,bbox_estimate,shop=hairdresser,not_contacted
Ricci Salon,Hairdresser / Salon,+61 3 9387 2563,,,689 Nicholson Street,,3121,bbox_estimate,shop=hairdresser,not_contacted
Rockit Barber Shop,Hairdresser / Salon,,,,,,3121,bbox_estimate,shop=hairdresser,not_contacted
Rokk Ebony,Hairdresser / Salon,,,,328 Clarendon Street,,3121,bbox_estimate,shop=hairdresser,not_contacted
Ryrie Salon,Hairdresser / Salon,+61 3 9481 0855,,https://ryriesalon.com.au/,215A St Georges Road,,3121,bbox_estimate,shop=hairdresser,not_contacted
Salon Mio,Hairdresser / Salon,,,,,,3121,bbox_estimate,shop=hairdresser,not_contacted
Second Avenue Hair,Hairdresser / Salon,,,,,,3121,bbox_estimate,shop=hairdresser,not_contacted
Serge,Hairdresser / Salon,,,,,,3121,bbox_estimate,shop=hairdresser,not_contacted
Simply Brows and Lashes,Hairdresser / Salon,,,,,,3121,bbox_estimate,shop=hairdresser,not_contacted
Smart Cuts,Hairdresser / Salon,,,,,,3121,bbox_estimate,shop=hairdresser,not_contacted
Smith & Co Studio,Hairdresser / Salon,,,,1394A Malvern Road,,3121,bbox_estimate,shop=hairdresser,not_contacted
Smith Street Barber,Hairdresser / Salon,+61 3 9415 6188,,,115 Smith Street,,3121,bbox_estimate,shop=hairdresser,not_contacted
Soul Hair,Hairdresser / Salon,,,,351 Burwood Road,,3121,bbox_estimate,shop=hairdresser,not_contacted
South Yarra Barber,Hairdresser / Salon,,,,,,3121,bbox_estimate,shop=hairdresser,not_contacted
Space Xpress,Hairdresser / Salon,,,,,,3121,bbox_estimate,shop=hairdresser,not_contacted
Splinters Hairdressing,Hairdresser / Salon,+61 3 9827 7782,,,,,3121,bbox_estimate,shop=hairdresser,not_contacted
Starlight Hair & Nail Salon,Hairdresser / Salon,,,,,,3121,bbox_estimate,shop=hairdresser,not_contacted
Suggar,Hairdresser / Salon,,,,,,3121,bbox_estimate,shop=hairdresser,not_contacted
Sui Hair,Hairdresser / Salon,,,,,,3121,bbox_estimate,shop=hairdresser,not_contacted
Superb City Cuts & Colours,Hairdresser / Salon,,,,350 Little Bouke Street,,3121,bbox_estimate,shop=hairdresser,not_contacted
Supercut,Hairdresser / Salon,,,,,,3121,bbox_estimate,shop=hairdresser,not_contacted
Taouk Salon,Hairdresser / Salon,+61 3 9533 2515,,https://www.taouksalon.com.au/,13 Izett Street,,3121,bbox_estimate,shop=hairdresser,not_contacted
The Perfect Barber Shop,Hairdresser / Salon,,,,,,3121,bbox_estimate,shop=hairdresser,not_contacted
Tokyo Hair design,Hairdresser / Salon,,,,,,3121,bbox_estimate,shop=hairdresser,not_contacted
Toni & Guy,Hairdresser / Salon,,,https://www.toniandguy.com.au/salons/vic-locations/georges/,195 Little Collins Street,Melbourne,3121,bbox_estimate,shop=hairdresser,not_contacted
Trophywife,Hairdresser / Salon,,,,,,3121,bbox_estimate,shop=hairdresser,not_contacted
Truefitt & Hill,Hairdresser / Salon,,,,,,3121,bbox_estimate,shop=hairdresser,not_contacted
Unico,Hairdresser / Salon,+61 3 9415 7169,,https://www.unicohair.com.au/,191 Brunswick Street,,3121,bbox_estimate,shop=hairdresser,not_contacted
Urban Man Barber,Hairdresser / Salon,+61 3 9815 0664,,,660A Glenferrie Road,,3121,bbox_estimate,shop=hairdresser,not_contacted
Vantage Barbers,Hairdresser / Salon,,,https://www.vantagebarbers.com.au/,355 Little Bourke Street,Melbourne,3121,bbox_estimate,shop=hairdresser,not_contacted
Victor’s Barbershop,Hairdresser / Salon,,,,,,3121,bbox_estimate,shop=hairdresser,not_contacted
Vince & Dom Hairdressing,Hairdresser / Salon,,,,98 Little Bourke Street,,3121,bbox_estimate,shop=hairdresser,not_contacted
Volume Hair,Hairdresser / Salon,+61 3 9042 1815,,https://www.volumehair.com.au/,305 Clarendon Street,,3121,bbox_estimate,shop=hairdresser,not_contacted
Who Salon,Hairdresser / Salon,,,,,,3121,bbox_estimate,shop=hairdresser,not_contacted
Wildilocks,Hairdresser / Salon,+61 3 9326 5037,victoria@wildilocks.com,https://wildilocks.com,,,3121,bbox_estimate,shop=hairdresser,not_contacted
Wildilocks,Hairdresser / Salon,+61 3 9642 3384,,https://wildilocks.com/,347 Victoria Street,,3121,bbox_estimate,shop=hairdresser,not_contacted
Xpress Barber,Hairdresser / Salon,,,,151 Woodstock Street,,3121,bbox_estimate,shop=hairdresser,not_contacted
Yimu Salon X Tatoo,Hairdresser / Salon,,,,,,3121,bbox_estimate,shop=hairdresser,not_contacted
Zahn,Hairdresser / Salon,,,,,,3121,bbox_estimate,shop=hairdresser,not_contacted
Zedi,Hairdresser / Salon,+61 3 9417 6545,,http://www.zedi.com.au,109 Moor Street,,3121,bbox_estimate,shop=hairdresser,not_contacted
bgcutzz Barbershop,Hairdresser / Salon,,,,291 Victoria Street,,3121,bbox_estimate,shop=hairdresser,not_contacted
co-studio,Hairdresser / Salon,+61 490 049 011,,https://co-studio.com.au,159 Johnston Street,,3121,bbox_estimate,shop=hairdresser,not_contacted
miss meraki,Hairdresser / Salon,,,,77 Victoria Avenue,,3121,bbox_estimate,shop=hairdresser,not_contacted
studio santo,Hairdresser / Salon,,,,138 Bridport Street,,3121,bbox_estimate,shop=hairdresser,not_contacted
Harris & Thorn Plumbing and Gasfitting,Plumber,+61 3 9416 3806,,http://www.harrisandthorn.com.au/,49-53 Bedford Street,,3121,bbox_estimate,craft=plumber,not_contacted
Reece,Plumber,,,,,,3121,bbox_estimate,craft=plumber,not_contacted
Reece,Plumber,,,,51 Murphy Street,Richmond,3121,osm_tag,craft=plumber,not_contacted
Reece Plumbing,Plumber,,,,,,3121,bbox_estimate,craft=plumber,not_contacted
